interval_begin,interval_end,interval_haltingDurationSum,interval_id,interval_intervalHaltingDurationSum,interval_jamLengthInMetersSum,interval_jamLengthInVehiclesSum,interval_maxHaltingDuration,interval_maxIntervalHaltingDuration,interval_maxJamLengthInMeters,interval_maxJamLengthInVehicles,interval_maxOccupancy,interval_maxVehicleNumber,interval_meanHaltingDuration,interval_meanIntervalHaltingDuration,interval_meanMaxJamLengthInMeters,interval_meanMaxJamLengthInVehicles,interval_meanOccupancy,interval_meanSpeed,interval_meanTimeLoss,interval_meanVehicleNumber,interval_nVehEntered,interval_nVehLeft,interval_nVehSeen,interval_sampledSeconds,interval_startedHalts
0.00,60.00,0.00,z_r2ps_to_ach1_mgp,0.00,0.00,0,0.00,0.00,0.00,0,2.66,8,0.00,0.00,0.00,0.00,1.06,19.93,1.00,3.20,8,1,8,192.00,0.00
0.00,60.00,0.00,z_sl_rp1_to_ach1_mgp,0.00,0.00,0,0.00,0.00,0.00,0,3.89,3,0.00,0.00,0.00,0.00,0.56,11.26,0.49,0.43,3,0,3,25.45,0.00
0.00,60.00,0.00,z_r2ps_to_sl_rp1,0.00,0.00,0,0.00,0.00,0.00,0,1.45,3,0.00,0.00,0.00,0.00,0.67,21.20,0.66,1.40,7,4,7,83.93,0.00
60.00,120.00,17.00,z_r2ps_to_ach1_mgp,17.00,77.43,13,6.00,6.00,12.52,2,5.97,18,4.25,4.25,1.29,0.22,4.22,15.53,3.12,12.93,22,13,29,771.14,4.00
60.00,120.00,13.00,z_sl_rp1_to_ach1_mgp,13.00,50.52,9,6.00,6.00,12.10,2,10.37,9,3.25,3.25,0.84,0.15,7.55,7.94,3.69,5.98,20,15,23,351.92,4.00
60.00,120.00,0.00,z_r2ps_to_sl_rp1,0.00,0.00,0,0.00,0.00,0.00,0,4.35,9,0.00,0.00,0.00,0.00,2.61,19.22,1.09,5.47,12,8,15,326.06,0.00
120.00,180.00,71.00,z_r2ps_to_ach1_mgp,71.00,374.79,58,10.00,10.00,37.63,5,7.02,22,3.55,3.55,6.25,0.97,5.90,12.20,7.15,18.10,21,18,37,1081.00,22.00
120.00,180.00,53.00,z_sl_rp1_to_ach1_mgp,53.00,227.34,34,6.00,6.00,52.84,3,18.14,15,2.79,2.79,3.66,0.53,13.64,6.82,6.68,10.87,24,23,32,641.96,19.00
120.00,180.00,0.00,z_r2ps_to_sl_rp1,0.00,0.00,0,0.00,0.00,0.00,0,3.74,8,0.00,0.00,0.00,0.00,2.31,17.16,1.32,4.88,11,11,18,292.17,0.00
180.00,240.00,113.00,z_r2ps_to_ach1_mgp,104.00,451.25,70,8.00,8.00,49.11,5,7.46,22,2.76,2.54,7.33,1.12,5.99,11.05,7.78,18.00,19,20,38,1075.66,40.00
180.00,240.00,75.00,z_sl_rp1_to_ach1_mgp,69.00,300.28,51,9.00,9.00,27.43,4,15.55,13,3.75,3.45,4.90,0.82,12.41,7.16,6.06,9.97,24,23,33,584.33,18.00
180.00,240.00,0.00,z_r2ps_to_sl_rp1,0.00,0.00,0,0.00,0.00,0.00,0,4.35,9,0.00,0.00,0.00,0.00,2.41,18.40,1.25,5.13,8,14,15,305.22,0.00
240.00,300.00,58.00,z_r2ps_to_ach1_mgp,37.00,231.59,26,9.00,5.00,52.01,5,6.79,20,3.62,2.31,3.69,0.40,5.45,13.40,3.75,16.52,27,28,45,982.56,11.00
240.00,300.00,138.00,z_sl_rp1_to_ach1_mgp,132.00,789.74,120,36.00,36.00,31.71,4,18.68,14,9.86,9.43,13.08,1.98,13.00,6.64,6.36,10.35,28,26,38,604.69,12.00
240.00,300.00,0.00,z_r2ps_to_sl_rp1,0.00,0.00,0,0.00,0.00,0.00,0,3.38,7,0.00,0.00,0.00,0.00,1.89,19.56,1.22,3.98,12,8,13,237.68,0.00
300.00,360.00,24.00,z_r2ps_to_ach1_mgp,24.00,57.89,13,3.00,3.00,13.30,2,7.99,24,2.00,2.00,0.96,0.22,6.69,14.20,3.66,20.62,32,28,49,1228.12,14.00
300.00,360.00,195.00,z_sl_rp1_to_ach1_mgp,152.00,835.52,131,41.00,28.00,29.40,4,23.39,18,7.80,6.08,13.10,2.02,17.53,6.15,8.37,13.83,29,27,41,815.63,21.00
300.00,360.00,0.00,z_r2ps_to_sl_rp1,0.00,0.00,0,0.00,0.00,0.00,0,3.86,8,0.00,0.00,0.00,0.00,2.59,18.39,0.79,5.48,14,11,19,325.89,0.00
360.00,420.00,191.00,z_r2ps_to_ach1_mgp,191.00,1239.52,157,17.00,17.00,93.33,11,9.27,28,5.62,5.62,20.28,2.55,6.58,11.01,7.96,20.15,27,21,48,1202.50,35.00
360.00,420.00,171.00,z_sl_rp1_to_ach1_mgp,164.00,1020.18,140,31.00,24.00,85.22,10,23.22,18,6.84,6.56,16.96,2.32,20.30,5.23,13.05,15.97,22,20,36,948.17,24.00
360.00,420.00,0.00,z_r2ps_to_sl_rp1,0.00,0.00,0,0.00,0.00,0.00,0,8.21,17,0.00,0.00,0.00,0.00,5.44,16.94,2.27,11.55,19,17,27,686.06,0.00
420.00,480.00,475.00,z_r2ps_to_ach1_mgp,364.00,2146.44,290,17.00,12.00,94.83,11,10.98,33,5.16,3.96,32.87,4.28,9.87,10.35,12.54,30.13,26,21,53,1799.61,84.00
420.00,480.00,415.00,z_sl_rp1_to_ach1_mgp,310.00,1964.19,260,27.00,16.00,116.86,14,24.95,20,5.53,4.13,29.91,3.85,21.84,4.36,14.33,17.33,27,26,43,1022.17,66.00
420.00,480.00,0.00,z_r2ps_to_sl_rp1,0.00,0.00,0,0.00,0.00,0.00,0,5.31,11,0.00,0.00,0.00,0.00,3.25,18.34,1.75,6.88,8,16,18,408.44,0.00
480.00,540.00,675.00,z_r2ps_to_ach1_mgp,652.00,4132.86,553,24.00,24.00,92.47,12,11.20,34,6.43,6.21,57.90,7.57,10.13,7.56,19.92,30.92,16,19,48,1847.28,101.00
480.00,540.00,552.00,z_sl_rp1_to_ach1_mgp,542.00,3348.60,456,15.00,13.00,73.64,9,29.80,23,5.69,5.59,38.96,5.03,26.78,3.04,23.54,20.95,21,16,38,1246.94,98.00
480.00,540.00,0.00,z_r2ps_to_sl_rp1,0.00,0.00,0,0.00,0.00,0.00,0,2.41,5,0.00,0.00,0.00,0.00,1.32,18.41,0.98,2.82,9,8,11,166.55,0.00
540.00,600.00,492.00,z_r2ps_to_ach1_mgp,462.00,2953.65,397,29.00,29.00,88.73,11,9.73,30,6.31,5.92,43.36,5.65,8.38,7.66,18.12,25.70,15,20,44,1534.62,71.00
540.00,600.00,850.00,z_sl_rp1_to_ach1_mgp,819.00,6060.66,740,41.00,41.00,223.65,23,36.27,28,9.55,9.20,85.35,10.10,30.67,2.16,32.71,24.02,13,16,35,1433.58,83.00
540.00,600.00,0.00,z_r2ps_to_sl_rp1,0.00,0.00,0,0.00,0.00,0.00,0,2.90,6,0.00,0.00,0.00,0.00,1.73,18.00,0.82,3.63,11,9,14,217.33,0.00
600.00,660.00,407.00,z_r2ps_to_ach1_mgp,405.00,2474.96,326,17.00,17.00,94.59,11,11.09,34,5.02,5.00,37.83,4.83,8.57,9.68,13.79,26.05,25,15,49,1557.63,79.00
600.00,660.00,452.00,z_sl_rp1_to_ach1_mgp,382.00,2156.30,310,55.00,32.00,64.09,8,30.99,24,5.87,4.96,26.11,3.58,26.82,3.57,20.43,21.07,22,18,41,1255.30,76.00
600.00,660.00,0.00,z_r2ps_to_sl_rp1,0.00,0.00,0,0.00,0.00,0.00,0,6.28,13,0.00,0.00,0.00,0.00,4.28,18.56,1.12,9.00,21,22,26,536.38,0.00
660.00,720.00,643.00,z_r2ps_to_ach1_mgp,567.00,3181.07,445,20.00,19.00,86.83,11,11.31,35,4.66,4.11,40.22,5.27,10.22,8.92,17.91,31.35,16,24,50,1870.28,129.00
660.00,720.00,678.00,z_sl_rp1_to_ach1_mgp,629.00,3367.65,475,66.00,60.00,79.39,10,42.76,33,4.18,3.88,30.07,4.00,34.10,2.74,24.62,26.68,26,16,49,1590.66,154.00
660.00,720.00,0.00,z_r2ps_to_sl_rp1,0.00,0.00,0,0.00,0.00,0.00,0,3.38,8,0.00,0.00,0.00,0.00,1.73,18.67,0.70,3.67,12,9,16,218.39,0.00
720.00,780.00,638.00,z_r2ps_to_ach1_mgp,580.00,3509.87,475,26.00,26.00,102.89,12,10.31,31,5.50,5.00,43.08,5.50,8.46,7.74,19.85,25.77,16,15,42,1539.63,107.00
720.00,780.00,1604.00,z_sl_rp1_to_ach1_mgp,1323.00,8964.64,1183,126.00,60.00,146.35,17,49.24,39,9.32,7.69,84.57,11.10,44.29,1.42,35.52,34.43,17,12,50,2058.98,149.00
720.00,780.00,0.00,z_r2ps_to_sl_rp1,0.00,0.00,0,0.00,0.00,0.00,0,3.38,7,0.00,0.00,0.00,0.00,2.15,18.18,0.87,4.57,10,13,17,272.03,0.00
780.00,840.00,479.00,z_r2ps_to_ach1_mgp,399.00,2034.26,290,17.00,13.00,86.56,10,10.97,33,3.80,3.17,27.14,3.63,9.56,9.53,16.12,29.17,18,15,45,1745.86,119.00
780.00,840.00,2135.00,z_sl_rp1_to_ach1_mgp,1209.00,8341.68,1111,154.00,60.00,129.69,17,50.97,39,16.17,9.16,89.56,11.95,44.26,2.00,29.45,34.57,18,17,56,2060.83,102.00
780.00,840.00,0.00,z_r2ps_to_sl_rp1,0.00,0.00,0,0.00,0.00,0.00,0,2.90,6,0.00,0.00,0.00,0.00,1.95,18.48,0.83,4.08,11,9,15,243.63,0.00
840.00,900.00,343.00,z_r2ps_to_ach1_mgp,332.00,1582.04,225,17.00,17.00,81.29,10,10.98,33,3.01,2.91,18.73,2.48,9.76,9.92,15.48,29.85,15,20,45,1780.71,111.00
840.00,900.00,2160.00,z_sl_rp1_to_ach1_mgp,1660.00,11433.19,1509,159.00,60.00,249.62,29,54.90,42,11.68,8.97,128.53,16.47,51.17,1.28,37.14,39.90,17,18,56,2383.91,159.00
840.00,900.00,0.00,z_r2ps_to_sl_rp1,0.00,0.00,0,0.00,0.00,0.00,0,3.38,7,0.00,0.00,0.00,0.00,2.40,18.47,1.26,5.07,8,10,14,301.94,0.00
900.00,960.00,203.00,z_r2ps_to_ach1_mgp,202.00,661.39,108,6.00,6.00,36.39,4,7.99,25,2.07,2.06,8.74,1.33,7.01,8.40,12.74,21.53,19,22,44,1287.34,101.00
900.00,960.00,1437.00,z_sl_rp1_to_ach1_mgp,1114.00,7749.98,1051,69.00,60.00,136.72,18,47.84,38,16.52,12.80,123.55,16.53,44.58,2.43,27.06,34.98,20,23,58,2084.79,63.00
900.00,960.00,0.00,z_r2ps_to_sl_rp1,0.00,0.00,0,0.00,0.00,0.00,0,3.38,7,0.00,0.00,0.00,0.00,2.14,18.65,0.73,4.57,14,11,18,270.37,0.00
960.00,1020.00,354.00,z_r2ps_to_ach1_mgp,341.00,1828.20,250,14.00,12.00,68.94,8,11.77,36,3.58,3.44,26.02,3.38,9.67,10.82,12.87,29.58,32,21,54,1766.35,93.00
960.00,1020.00,1870.00,z_sl_rp1_to_ach1_mgp,1084.00,7099.80,941,69.00,31.00,116.39,13,45.37,36,10.62,6.16,64.60,8.07,42.41,2.25,30.64,33.07,17,20,52,1973.43,164.00
960.00,1020.00,0.00,z_r2ps_to_sl_rp1,0.00,0.00,0,0.00,0.00,0.00,0,4.35,9,0.00,0.00,0.00,0.00,2.54,19.53,0.89,5.43,9,14,16,322.09,0.00
1020.00,1080.00,432.00,z_r2ps_to_ach1_mgp,423.00,2071.28,296,12.00,12.00,79.72,9,11.31,35,3.25,3.18,25.25,3.30,10.12,8.42,17.27,30.80,18,20,51,1839.89,130.00
1020.00,1080.00,1786.00,z_sl_rp1_to_ach1_mgp,1609.00,11792.83,1513,55.00,55.00,285.19,34,53.02,41,13.43,12.10,121.33,15.43,47.30,1.29,37.20,36.78,20,13,52,2196.66,114.00
1020.00,1080.00,0.00,z_r2ps_to_sl_rp1,0.00,0.00,0,0.00,0.00,0.00,0,2.90,6,0.00,0.00,0.00,0.00,1.87,18.45,0.96,3.92,9,10,11,233.64,0.00
1080.00,1140.00,694.00,z_r2ps_to_ach1_mgp,654.00,4130.39,537,18.00,17.00,101.70,11,12.33,38,5.51,5.19,50.94,6.30,10.05,8.59,16.68,30.68,24,17,55,1835.85,117.00
1080.00,1140.00,2447.00,z_sl_rp1_to_ach1_mgp,1734.00,12270.89,1618,76.00,41.00,146.58,18,59.50,46,16.53,11.72,117.23,15.55,51.98,1.25,37.47,40.48,18,11,57,2421.30,123.00
1080.00,1140.00,0.00,z_r2ps_to_sl_rp1,0.00,0.00,0,0.00,0.00,0.00,0,4.35,9,0.00,0.00,0.00,0.00,2.05,19.15,0.99,4.35,14,11,15,258.76,0.00
1140.00,1200.00,857.00,z_r2ps_to_ach1_mgp,759.00,5827.03,648,22.00,22.00,259.21,10,12.64,39,5.83,5.16,66.04,6.33,11.94,8.58,20.47,36.28,16,17,54,2172.12,139.00
1140.00,1200.00,3046.00,z_sl_rp1_to_ach1_mgp,2288.00,16754.68,2163,94.00,60.00,379.59,47,60.79,47,17.92,13.46,172.25,21.85,57.08,0.60,44.64,44.45,10,11,56,2660.77,131.00
1140.00,1200.00,0.00,z_r2ps_to_sl_rp1,0.00,0.00,0,0.00,0.00,0.00,0,4.35,9,0.00,0.00,0.00,0.00,2.98,19.33,1.33,6.28,13,12,17,374.80,0.00
1200.00,1260.00,1291.00,z_r2ps_to_ach1_mgp,1196.00,16089.68,1068,79.00,60.00,432.52,23,13.14,40,8.33,7.72,244.02,14.35,12.36,5.75,25.52,37.70,22,20,59,2257.97,140.00
1200.00,1260.00,3220.00,z_sl_rp1_to_ach1_mgp,1761.00,11866.44,1614,154.00,60.00,240.20,30,56.99,45,16.77,9.17,145.60,19.50,53.29,1.16,39.00,41.92,12,17,57,2508.10,156.00
1200.00,1260.00,0.00,z_r2ps_to_sl_rp1,0.00,0.00,0,0.00,0.00,0.00,0,3.38,7,0.00,0.00,0.00,0.00,2.61,19.12,0.93,5.53,13,11,18,329.15,0.00
1260.00,1320.00,2500.00,z_r2ps_to_ach1_mgp,1785.00,16868.09,1677,129.00,60.00,507.48,31,18.44,56,18.38,13.12,252.49,23.82,16.09,5.10,27.41,48.83,37,21,76,2924.18,112.00
1260.00,1320.00,3734.00,z_sl_rp1_to_ach1_mgp,1340.00,8219.29,1144,188.00,52.00,147.89,20,53.30,42,16.59,5.96,94.61,12.95,48.66,1.73,32.77,38.33,19,24,59,2291.81,205.00
1260.00,1320.00,0.00,z_r2ps_to_sl_rp1,0.00,0.00,0,0.00,0.00,0.00,0,6.28,13,0.00,0.00,0.00,0.00,3.53,17.72,1.07,7.40,22,16,29,442.48,0.00
1320.00,1380.00,2811.00,z_r2ps_to_ach1_mgp,1450.00,11601.43,1292,112.00,29.00,372.66,24,18.97,58,15.11,7.79,155.77,16.17,18.06,5.42,28.17,54.80,23,21,78,3279.58,158.00
1320.00,1380.00,1798.00,z_sl_rp1_to_ach1_mgp,1720.00,12374.31,1592,45.00,45.00,211.48,26,57.46,44,11.53,11.03,119.21,15.32,51.88,1.25,38.93,40.08,20,11,55,2397.76,140.00
1320.00,1380.00,0.00,z_r2ps_to_sl_rp1,0.00,0.00,0,0.00,0.00,0.00,0,6.60,14,0.00,0.00,0.00,0.00,5.14,17.96,1.61,10.95,20,25,33,649.09,0.00
1380.00,1440.00,1332.00,z_r2ps_to_ach1_mgp,1078.00,6707.79,916,28.00,28.00,148.16,20,19.38,59,7.12,5.76,84.96,11.50,18.09,5.98,27.03,54.93,19,23,76,3284.21,162.00
1380.00,1440.00,1900.00,z_sl_rp1_to_ach1_mgp,1563.00,10772.16,1453,81.00,60.00,173.57,23,57.45,44,12.26,10.08,139.99,18.88,50.11,1.48,35.47,39.02,12,17,56,2332.40,118.00
1380.00,1440.00,0.00,z_r2ps_to_sl_rp1,0.00,0.00,0,0.00,0.00,0.00,0,5.80,12,0.00,0.00,0.00,0.00,4.16,18.65,1.37,8.83,14,17,22,525.31,0.00
1440.00,1500.00,2633.00,z_r2ps_to_ach1_mgp,2280.00,21521.45,2153,88.00,60.00,515.34,36,17.97,54,16.35,14.16,324.28,31.28,17.12,2.76,37.44,51.83,15,16,68,3104.54,129.00
1440.00,1500.00,2990.00,z_sl_rp1_to_ach1_mgp,1707.00,12056.02,1603,138.00,60.00,158.25,21,57.89,45,22.31,12.74,137.25,18.38,52.00,1.32,36.62,40.60,19,13,58,2428.72,110.00
1440.00,1500.00,0.00,z_r2ps_to_sl_rp1,0.00,0.00,0,0.00,0.00,0.00,0,3.38,7,0.00,0.00,0.00,0.00,1.74,18.06,1.33,3.77,8,10,13,222.00,0.00
1500.00,1560.00,4441.00,z_r2ps_to_ach1_mgp,2302.00,20692.80,2162,111.00,60.00,584.31,44,20.05,61,24.81,12.86,294.75,29.08,18.95,3.67,36.58,57.50,22,18,74,3442.51,142.00
1500.00,1560.00,3638.00,z_sl_rp1_to_ach1_mgp,1440.00,10265.05,1349,139.00,39.00,186.97,21,57.89,45,26.36,10.43,112.19,14.28,47.81,1.84,30.39,37.53,16,24,61,2241.11,108.00
1500.00,1560.00,0.00,z_r2ps_to_sl_rp1,0.00,0.00,0,0.00,0.00,0.00,0,3.38,7,0.00,0.00,0.00,0.00,2.39,18.30,0.82,5.03,14,11,17,300.02,0.00
1560.00,1620.00,3358.00,z_r2ps_to_ach1_mgp,2563.00,19313.87,2421,92.00,60.00,488.78,45,22.30,68,18.55,14.16,277.47,34.40,20.16,2.70,35.46,61.03,29,18,85,3654.47,142.00
1560.00,1620.00,1932.00,z_sl_rp1_to_ach1_mgp,1351.00,9313.47,1263,93.00,60.00,154.33,19,48.66,38,16.66,11.65,122.27,16.60,46.06,1.98,29.72,36.22,22,26,59,2161.40,92.00
1560.00,1620.00,0.00,z_r2ps_to_sl_rp1,0.00,0.00,0,0.00,0.00,0.00,0,3.86,8,0.00,0.00,0.00,0.00,2.14,18.59,0.99,4.57,9,11,15,270.42,0.00
1620.00,1680.00,3192.00,z_r2ps_to_ach1_mgp,1698.00,10862.29,1466,68.00,44.00,268.63,36,24.62,74,11.65,6.20,141.41,18.68,23.69,6.03,29.46,71.67,26,20,93,4293.25,236.00
1620.00,1680.00,1803.00,z_sl_rp1_to_ach1_mgp,1090.00,6682.75,916,100.00,31.00,115.93,15,47.86,37,9.59,5.80,61.06,8.18,43.25,2.22,30.50,33.82,20,16,53,2018.05,176.00
1620.00,1680.00,0.00,z_r2ps_to_sl_rp1,0.00,0.00,0,0.00,0.00,0.00,0,3.86,8,0.00,0.00,0.00,0.00,2.56,19.68,0.90,5.43,12,11,16,323.71,0.00
1680.00,1740.00,2001.00,z_r2ps_to_ach1_mgp,1890.00,10737.41,1419,19.00,19.00,151.56,18,25.62,77,4.06,3.83,86.73,10.67,24.80,4.86,33.50,74.95,23,19,96,4491.74,472.00
1680.00,1740.00,1946.00,z_sl_rp1_to_ach1_mgp,1599.00,11456.43,1492,91.00,60.00,240.88,29,53.75,42,14.74,12.11,138.90,17.82,49.20,1.35,38.11,38.32,15,16,52,2289.90,113.00
1680.00,1740.00,0.00,z_r2ps_to_sl_rp1,0.00,0.00,0,0.00,0.00,0.00,0,7.24,15,0.00,0.00,0.00,0.00,4.01,18.38,1.29,8.48,19,15,24,504.50,0.00
1740.00,1800.00,2646.00,z_r2ps_to_ach1_mgp,2489.00,15785.74,2024,25.00,25.00,209.62,23,26.19,79,5.07,4.77,106.94,12.78,25.13,3.34,36.78,76.10,21,24,98,4558.10,483.00
1740.00,1800.00,3014.00,z_sl_rp1_to_ach1_mgp,1749.00,12474.77,1649,151.00,60.00,242.05,30,55.61,44,21.84,12.67,139.74,18.62,51.60,1.14,39.78,40.30,18,15,54,2408.15,117.00
1740.00,1800.00,36.00,z_r2ps_to_sl_rp1,36.00,198.75,33,19.00,19.00,20.18,3,4.35,9,12.00,12.00,3.31,0.55,2.39,15.11,3.32,5.08,11,11,20,301.16,3.00
1800.00,1860.00,3208.00,z_r2ps_to_ach1_mgp,2850.00,20582.99,2543,85.00,60.00,479.44,46,25.43,76,9.27,8.24,290.60,35.02,24.42,2.84,40.58,73.75,15,15,89,4417.67,314.00
1800.00,1860.00,3870.00,z_sl_rp1_to_ach1_mgp,1606.00,11308.73,1497,211.00,60.00,266.03,32,52.62,42,28.67,11.90,153.50,20.25,50.80,1.41,37.20,40.00,16,16,55,2391.08,113.00
1800.00,1860.00,0.00,z_r2ps_to_sl_rp1,0.00,0.00,0,0.00,0.00,0.00,0,4.35,9,0.00,0.00,0.00,0.00,2.97,18.60,1.38,6.30,7,12,16,374.00,0.00
1860.00,1920.00,5822.00,z_r2ps_to_ach1_mgp,3431.00,30188.85,3295,145.00,60.00,652.51,58,25.68,78,29.26,17.24,469.20,50.23,24.23,2.08,40.72,73.35,19,21,93,4393.46,144.00
1860.00,1920.00,4950.00,z_sl_rp1_to_ach1_mgp,1610.00,11344.20,1520,271.00,60.00,240.33,30,55.11,43,42.67,13.88,139.76,18.88,50.10,1.51,35.13,39.47,18,23,57,2355.42,95.00
1860.00,1920.00,0.00,z_r2ps_to_sl_rp1,0.00,0.00,0,0.00,0.00,0.00,0,3.38,7,0.00,0.00,0.00,0.00,2.26,19.04,0.95,4.73,10,9,14,283.29,0.00
1920.00,1980.00,8539.00,z_r2ps_to_ach1_mgp,3264.00,24172.38,3190,174.00,60.00,675.61,57,25.53,77,60.99,23.31,379.52,49.77,24.11,2.53,39.47,72.95,21,19,93,4370.75,83.00
1920.00,1980.00,5319.00,z_sl_rp1_to_ach1_mgp,1160.00,7673.95,1051,279.00,31.00,163.17,20,47.55,37,39.40,8.59,96.77,12.92,44.00,2.53,27.48,34.60,24,21,58,2065.77,116.00
1920.00,1980.00,0.00,z_r2ps_to_sl_rp1,0.00,0.00,0,0.00,0.00,0.00,0,1.93,5,0.00,0.00,0.00,0.00,1.13,18.55,0.58,2.45,4,6,9,143.68,0.00
1980.00,2040.00,4948.00,z_r2ps_to_ach1_mgp,1316.00,7940.74,1096,173.00,39.00,233.49,31,24.85,76,19.10,5.08,108.55,14.55,23.21,5.78,29.91,70.35,17,23,91,4210.67,223.00
1980.00,2040.00,1522.00,z_sl_rp1_to_ach1_mgp,1397.00,9058.35,1242,63.00,60.00,155.75,20,53.12,42,8.32,7.63,119.38,15.97,48.79,1.78,31.53,38.47,23,25,60,2286.58,161.00
1980.00,2040.00,0.00,z_r2ps_to_sl_rp1,0.00,0.00,0,0.00,0.00,0.00,0,2.90,6,0.00,0.00,0.00,0.00,1.47,18.81,0.90,3.12,10,7,13,185.60,0.00
2040.00,2100.00,2210.00,z_r2ps_to_ach1_mgp,2164.00,15844.72,1954,61.00,60.00,531.75,51,23.96,72,9.09,8.90,192.76,22.93,22.97,3.74,37.26,69.42,18,17,86,4160.19,228.00
2040.00,2100.00,2415.00,z_sl_rp1_to_ach1_mgp,1442.00,10124.45,1368,119.00,60.00,150.25,20,51.72,40,21.95,13.11,119.48,16.07,47.52,1.88,32.80,37.22,21,17,56,2221.88,91.00
2040.00,2100.00,50.00,z_r2ps_to_sl_rp1,50.00,295.06,48,27.00,27.00,12.53,2,3.86,8,25.00,25.00,4.92,0.80,2.12,14.82,4.83,4.42,8,6,14,264.30,2.00
2100.00,2160.00,3810.00,z_r2ps_to_ach1_mgp,2398.00,17792.82,2168,72.00,57.00,523.95,50,22.76,70,12.45,7.84,216.09,24.87,22.02,3.11,37.51,66.73,16,18,85,3999.83,256.00
2100.00,2160.00,2695.00,z_sl_rp1_to_ach1_mgp,1597.00,11101.53,1467,122.00,43.00,191.83,23,53.69,42,16.74,9.92,125.50,16.15,49.63,1.52,35.58,39.05,17,18,56,2334.33,135.00
2100.00,2160.00,184.00,z_r2ps_to_sl_rp1,134.00,936.02,135,53.00,32.00,36.41,5,4.83,10,36.80,26.80,15.60,2.25,3.41,12.14,11.36,7.22,7,11,15,429.72,4.00
2160.00,2220.00,3224.00,z_r2ps_to_ach1_mgp,2863.00,26950.87,2702,77.00,60.00,585.12,49,23.43,70,15.96,14.17,389.21,37.07,22.56,2.71,40.45,67.77,17,15,84,4061.43,170.00
2160.00,2220.00,2364.00,z_sl_rp1_to_ach1_mgp,1746.00,12550.11,1651,102.00,60.00,240.89,29,53.41,42,18.91,13.97,146.54,19.35,51.07,1.43,37.60,40.17,17,15,55,2399.84,102.00
2160.00,2220.00,0.00,z_r2ps_to_sl_rp1,0.00,0.00,0,0.00,0.00,0.00,0,3.86,8,0.00,0.00,0.00,0.00,2.51,18.36,1.15,5.28,13,12,17,314.83,0.00
2220.00,2280.00,5190.00,z_r2ps_to_ach1_mgp,3009.00,24972.68,2887,98.00,60.00,638.59,54,23.43,71,26.75,15.51,350.54,39.48,22.64,2.59,36.26,68.17,25,24,94,4081.04,139.00
2220.00,2280.00,3156.00,z_sl_rp1_to_ach1_mgp,1551.00,10902.24,1432,143.00,60.00,171.14,21,51.22,40,20.63,10.14,116.67,15.27,48.36,1.59,31.20,38.00,22,23,62,2270.01,128.00
2220.00,2280.00,0.00,z_r2ps_to_sl_rp1,0.00,0.00,0,0.00,0.00,0.00,0,3.86,8,0.00,0.00,0.00,0.00,2.65,18.54,1.15,5.62,11,11,16,334.36,0.00
2280.00,2340.00,4894.00,z_r2ps_to_ach1_mgp,3328.00,28178.38,3111,97.00,60.00,644.57,55,26.31,79,16.70,11.36,329.91,33.60,24.56,2.47,39.95,73.75,24,20,94,4419.47,248.00
2280.00,2340.00,2162.00,z_sl_rp1_to_ach1_mgp,1539.00,11119.05,1486,203.00,60.00,201.74,25,51.22,40,20.79,14.80,141.06,18.85,48.29,1.55,32.67,38.02,20,23,59,2273.50,82.00
2280.00,2340.00,0.00,z_r2ps_to_sl_rp1,0.00,0.00,0,0.00,0.00,0.00,0,5.31,11,0.00,0.00,0.00,0.00,3.96,18.44,1.76,8.37,14,11,19,497.73,0.00
2340.00,2400.00,5769.00,z_r2ps_to_ach1_mgp,3799.00,28024.36,3734,114.00,60.00,495.00,66,27.75,84,46.52,30.64,456.75,60.75,26.05,1.81,42.40,78.32,23,17,97,4690.76,69.00
2340.00,2400.00,2863.00,z_sl_rp1_to_ach1_mgp,1184.00,7972.95,1099,239.00,44.00,131.33,18,49.55,39,27.01,11.17,101.52,13.92,42.45,2.47,26.94,33.42,21,28,57,1992.74,85.00
2340.00,2400.00,0.00,z_r2ps_to_sl_rp1,0.00,0.00,0,0.00,0.00,0.00,0,3.86,8,0.00,0.00,0.00,0.00,2.85,17.87,1.87,6.05,8,9,16,358.63,0.00
2400.00,2460.00,6311.00,z_r2ps_to_ach1_mgp,2470.00,17424.38,2331,114.00,60.00,376.61,50,27.89,84,31.24,12.23,232.48,30.98,26.74,4.24,33.18,80.45,27,25,107,4819.37,156.00
2400.00,2460.00,878.00,z_sl_rp1_to_ach1_mgp,712.00,4390.71,606,24.00,17.00,97.67,13,41.46,32,7.02,5.70,50.74,6.88,36.58,3.52,22.76,28.72,23,20,52,1712.50,111.00
2400.00,2460.00,328.00,z_r2ps_to_sl_rp1,328.00,2246.04,319,60.00,60.00,57.58,8,6.76,14,36.44,36.44,37.43,5.32,5.08,8.21,15.15,10.57,17,10,24,632.90,9.00
2460.00,2520.00,1872.00,z_r2ps_to_ach1_mgp,1327.00,6440.95,898,93.00,23.00,119.71,14,27.42,83,4.03,2.85,52.57,6.80,26.70,5.40,31.23,80.35,23,23,105,4809.40,436.00
2460.00,2520.00,1035.00,z_sl_rp1_to_ach1_mgp,945.00,6145.18,827,38.00,38.00,101.52,12,41.46,32,6.99,6.38,59.74,7.92,38.60,2.17,29.49,30.15,16,21,48,1796.78,134.00
2460.00,2520.00,432.00,z_r2ps_to_sl_rp1,104.00,711.83,100,64.00,13.00,65.45,9,8.69,18,33.23,8.00,11.86,1.67,6.79,14.51,8.87,14.30,12,18,26,852.14,4.00
2520.00,2580.00,2359.00,z_r2ps_to_ach1_mgp,2248.00,13211.81,1722,20.00,20.00,138.83,17,28.41,86,4.17,3.98,97.25,11.97,27.73,3.39,40.11,83.32,17,16,99,4992.92,537.00
2520.00,2580.00,1392.00,z_sl_rp1_to_ach1_mgp,1085.00,7742.19,1003,48.00,46.00,204.17,24,42.66,33,13.78,10.74,82.08,10.27,38.60,1.92,32.32,30.08,18,14,45,1796.83,89.00
2520.00,2580.00,2.00,z_r2ps_to_sl_rp1,2.00,22.58,4,2.00,2.00,12.58,2,3.54,8,2.00,2.00,0.38,0.07,1.95,17.99,1.75,4.22,9,12,17,248.68,2.00
2580.00,2640.00,2940.00,z_r2ps_to_ach1_mgp,2672.00,16506.38,2196,23.00,23.00,166.45,20,28.31,86,5.32,4.83,104.65,13.33,27.68,3.22,39.28,83.35,20,21,103,4994.75,508.00
2580.00,2640.00,1455.00,z_sl_rp1_to_ach1_mgp,1026.00,7221.36,965,106.00,60.00,149.09,17,42.60,33,13.99,9.87,90.49,11.90,39.19,2.22,27.72,30.87,21,22,52,1839.13,92.00
2580.00,2640.00,0.00,z_r2ps_to_sl_rp1,0.00,0.00,0,0.00,0.00,0.00,0,3.86,8,0.00,0.00,0.00,0.00,2.96,18.81,1.06,6.28,14,14,19,373.04,0.00
2640.00,2700.00,3123.00,z_r2ps_to_ach1_mgp,2873.00,17508.45,2332,34.00,34.00,198.31,25,28.31,86,5.21,4.80,135.50,17.45,27.42,2.87,39.81,82.52,21,17,103,4946.77,559.00
2640.00,2700.00,2291.00,z_sl_rp1_to_ach1_mgp,1295.00,9163.31,1207,133.00,39.00,121.11,14,49.13,38,19.41,10.97,97.51,12.68,42.68,1.68,33.15,33.22,20,13,50,1986.51,106.00
2640.00,2700.00,0.00,z_r2ps_to_sl_rp1,0.00,0.00,0,0.00,0.00,0.00,0,3.38,7,0.00,0.00,0.00,0.00,1.71,17.93,0.71,3.67,10,9,15,216.56,0.00
2700.00,2760.00,3515.00,z_r2ps_to_ach1_mgp,3026.00,20378.60,2676,38.00,38.00,226.64,28,29.23,88,8.55,7.36,144.95,18.63,27.66,3.17,40.70,83.62,14,16,100,5010.31,359.00
2700.00,2760.00,2166.00,z_sl_rp1_to_ach1_mgp,1752.00,12531.03,1631,91.00,60.00,210.16,26,53.02,41,14.34,11.60,127.58,16.52,49.49,0.98,40.53,38.45,14,10,51,2301.30,121.00
2700.00,2760.00,0.00,z_r2ps_to_sl_rp1,0.00,0.00,0,0.00,0.00,0.00,0,4.31,9,0.00,0.00,0.00,0.00,2.77,17.70,1.69,5.87,8,12,14,349.13,0.00
2760.00,2820.00,3381.00,z_r2ps_to_ach1_mgp,2926.00,19639.75,2530,39.00,39.00,213.11,25,28.09,86,7.56,6.54,157.27,19.75,26.81,2.56,42.87,80.92,12,17,96,4851.27,400.00
2760.00,2820.00,3437.00,z_sl_rp1_to_ach1_mgp,2166.00,16645.75,2098,151.00,60.00,379.59,47,61.56,48,24.91,15.70,225.62,28.03,56.00,0.59,47.27,43.67,11,10,52,2614.02,104.00
2760.00,2820.00,0.00,z_r2ps_to_sl_rp1,0.00,0.00,0,0.00,0.00,0.00,0,3.38,7,0.00,0.00,0.00,0.00,1.74,17.11,0.92,3.72,13,10,15,221.99,0.00
2820.00,2880.00,3464.00,z_r2ps_to_ach1_mgp,3161.00,22131.75,2760,56.00,56.00,326.83,37,26.95,82,7.75,7.07,203.65,24.40,26.33,2.81,40.74,79.65,17,18,96,4771.80,408.00
2820.00,2880.00,3822.00,z_sl_rp1_to_ach1_mgp,1712.00,11457.87,1542,202.00,60.00,171.81,21,56.27,44,18.38,8.23,127.90,17.08,53.04,1.25,38.96,41.53,14,16,56,2483.30,187.00
2820.00,2880.00,0.00,z_r2ps_to_sl_rp1,0.00,0.00,0,0.00,0.00,0.00,0,2.90,6,0.00,0.00,0.00,0.00,1.26,17.43,0.89,2.67,8,12,13,158.90,0.00
2880.00,2940.00,4285.00,z_r2ps_to_ach1_mgp,3447.00,27550.68,3213,116.00,60.00,541.00,54,28.62,87,14.98,12.05,391.38,44.20,26.98,2.68,37.57,81.55,30,23,108,4883.44,238.00
2880.00,2940.00,2979.00,z_sl_rp1_to_ach1_mgp,1560.00,10285.58,1405,262.00,60.00,223.96,26,55.11,43,15.60,8.17,136.91,18.47,50.76,1.39,36.33,39.88,17,19,57,2385.57,165.00
2880.00,2940.00,0.00,z_r2ps_to_sl_rp1,0.00,0.00,0,0.00,0.00,0.00,0,3.38,7,0.00,0.00,0.00,0.00,2.08,18.82,0.99,4.38,15,10,16,261.39,0.00
2940.00,3000.00,7351.00,z_r2ps_to_ach1_mgp,3946.00,33135.55,3810,176.00,60.00,698.20,64,28.61,86,34.19,18.35,503.34,56.88,27.46,1.81,42.44,82.87,18,22,103,4965.86,156.00
2940.00,3000.00,4054.00,z_sl_rp1_to_ach1_mgp,1589.00,10890.53,1465,322.00,60.00,165.66,21,55.11,43,26.50,10.38,136.54,18.43,50.21,1.43,34.51,39.47,21,18,59,2358.17,133.00
2940.00,3000.00,0.00,z_r2ps_to_sl_rp1,0.00,0.00,0,0.00,0.00,0.00,0,5.80,12,0.00,0.00,0.00,0.00,3.62,17.89,1.55,7.63,14,12,20,454.52,0.00
3000.00,3060.00,10796.00,z_r2ps_to_ach1_mgp,4074.00,33759.20,3965,219.00,60.00,815.48,73,28.95,87,61.34,23.15,507.76,58.77,27.38,1.95,42.29,82.68,22,17,103,4954.85,110.00
3000.00,3060.00,5538.00,z_sl_rp1_to_ach1_mgp,1940.00,14628.59,1858,349.00,60.00,299.69,36,56.40,44,45.39,15.90,167.14,21.08,52.20,1.03,44.07,40.97,9,17,50,2449.85,89.00
3000.00,3060.00,0.00,z_r2ps_to_sl_rp1,0.00,0.00,0,0.00,0.00,0.00,0,3.86,8,0.00,0.00,0.00,0.00,1.99,18.08,0.98,4.30,10,12,18,254.12,0.00
3060.00,3120.00,10950.00,z_r2ps_to_ach1_mgp,4421.00,34929.37,4331,256.00,60.00,874.22,74,29.52,89,65.18,26.32,470.07,57.63,28.01,1.39,43.52,84.72,20,18,106,5075.63,96.00
3060.00,3120.00,2691.00,z_sl_rp1_to_ach1_mgp,1309.00,8996.19,1221,374.00,60.00,150.32,19,49.93,39,23.61,11.48,113.16,15.38,45.25,2.06,30.47,35.57,23,21,56,2123.74,97.00
3060.00,3120.00,0.00,z_r2ps_to_sl_rp1,0.00,0.00,0,0.00,0.00,0.00,0,3.38,7,0.00,0.00,0.00,0.00,2.40,17.67,1.52,5.13,9,12,15,304.66,0.00
3120.00,3180.00,11472.00,z_r2ps_to_ach1_mgp,4610.00,34603.88,4512,312.00,60.00,599.90,78,31.36,95,63.38,25.47,538.10,70.12,30.49,1.54,44.45,92.20,23,20,111,5521.51,102.00
3120.00,3180.00,1291.00,z_sl_rp1_to_ach1_mgp,901.00,5973.06,824,112.00,35.00,124.56,17,44.85,36,12.18,8.50,81.98,11.13,39.84,2.92,22.78,31.55,25,32,60,1874.09,84.00
3120.00,3180.00,0.00,z_r2ps_to_sl_rp1,0.00,0.00,0,0.00,0.00,0.00,0,2.90,6,0.00,0.00,0.00,0.00,1.92,19.23,1.38,4.07,11,8,14,242.57,0.00
3180.00,3240.00,11616.00,z_r2ps_to_ach1_mgp,2993.00,21708.13,2855,316.00,60.00,472.53,62,31.61,95,56.12,14.46,341.32,44.45,30.39,3.91,36.77,91.85,22,22,113,5503.18,148.00
3180.00,3240.00,1152.00,z_sl_rp1_to_ach1_mgp,886.00,5874.05,817,53.00,53.00,156.35,17,42.76,33,13.39,10.30,83.50,11.37,37.15,3.12,21.89,29.43,28,24,56,1750.15,69.00
3180.00,3240.00,0.00,z_r2ps_to_sl_rp1,0.00,0.00,0,0.00,0.00,0.00,0,3.86,8,0.00,0.00,0.00,0.00,2.76,18.24,1.44,5.85,10,13,16,347.88,0.00
3240.00,3300.00,3646.00,z_r2ps_to_ach1_mgp,1836.00,10395.38,1425,149.00,31.00,184.93,24,31.81,96,8.01,4.04,79.41,10.45,29.19,4.81,35.26,88.32,18,27,109,5288.71,415.00
3240.00,3300.00,1523.00,z_sl_rp1_to_ach1_mgp,1486.00,9670.39,1295,42.00,42.00,165.63,21,55.17,43,7.50,7.32,90.07,11.72,50.21,1.48,38.25,39.23,21,13,53,2339.64,193.00
3240.00,3300.00,0.00,z_r2ps_to_sl_rp1,0.00,0.00,0,0.00,0.00,0.00,0,5.80,12,0.00,0.00,0.00,0.00,3.57,17.80,2.55,7.47,16,8,19,446.23,0.00
3300.00,3360.00,2347.00,z_r2ps_to_ach1_mgp,2238.00,15376.20,1866,57.00,57.00,414.09,42,28.95,87,5.81,5.54,196.01,22.73,27.56,3.65,38.05,83.22,20,19,102,4987.44,381.00
3300.00,3360.00,1849.00,z_sl_rp1_to_ach1_mgp,1636.00,11377.50,1518,73.00,60.00,265.60,32,51.35,41,13.11,11.60,144.72,19.10,49.55,1.50,35.25,38.98,16,18,56,2327.75,119.00
3300.00,3360.00,81.00,z_r2ps_to_sl_rp1,81.00,488.52,78,40.00,40.00,20.03,3,4.83,11,27.00,27.00,8.14,1.30,2.78,14.13,4.32,5.85,13,15,24,348.85,3.00
3360.00,3420.00,5316.00,z_r2ps_to_ach1_mgp,4037.00,34293.73,3869,117.00,60.00,726.35,70,30.28,91,20.77,15.77,518.26,57.18,29.02,2.19,41.12,87.67,27,19,110,5255.40,204.00
3360.00,3420.00,2894.00,z_sl_rp1_to_ach1_mgp,1751.00,12792.85,1671,133.00,60.00,258.82,32,53.92,43,20.24,12.24,155.61,20.63,50.90,1.04,39.85,39.93,16,17,54,2386.90,124.00
3360.00,3420.00,429.00,z_r2ps_to_sl_rp1,348.00,2423.22,343,100.00,60.00,57.61,8,6.76,14,53.62,43.50,40.39,5.72,5.15,8.18,16.18,10.68,14,9,23,640.88,5.00
3420.00,3480.00,9324.00,z_r2ps_to_ach1_mgp,4677.00,40894.59,4577,177.00,60.00,843.82,78,30.94,93,52.09,26.13,645.99,71.50,30.16,1.52,45.86,91.03,17,19,108,5456.42,111.00
3420.00,3480.00,3914.00,z_sl_rp1_to_ach1_mgp,1518.00,11059.99,1439,174.00,59.00,229.86,28,51.27,40,30.34,11.77,143.95,18.28,47.14,1.66,35.16,37.13,16,17,53,2219.40,100.00
3420.00,3480.00,1112.00,z_r2ps_to_sl_rp1,683.00,4906.59,674,160.00,60.00,117.57,16,10.14,21,65.41,40.18,81.78,11.23,8.42,5.95,30.17,17.43,10,3,24,1045.95,9.00
3480.00,3540.00,13482.00,z_r2ps_to_ach1_mgp,4718.00,36012.86,4632,203.00,60.00,858.90,80,32.28,97,77.04,26.96,545.18,70.40,31.02,1.46,46.01,93.55,21,13,110,5607.55,97.00
3480.00,3540.00,1725.00,z_sl_rp1_to_ach1_mgp,1520.00,10367.80,1390,53.00,53.00,162.15,21,53.98,42,11.35,10.00,119.65,16.02,49.04,1.58,33.85,38.42,22,19,58,2296.05,130.00
3480.00,3540.00,1582.00,z_r2ps_to_sl_rp1,630.00,4780.16,651,182.00,42.00,147.53,20,10.63,22,83.26,33.16,79.67,10.85,8.27,5.06,25.75,17.48,9,25,30,1039.05,3.00
3540.00,3600.00,11969.00,z_r2ps_to_ach1_mgp,4308.00,35807.84,4079,204.00,60.00,650.67,54,32.81,99,38.99,14.03,384.17,42.75,32.25,1.77,46.51,97.47,15,16,112,5841.97,233.00
3540.00,3600.00,2415.00,z_sl_rp1_to_ach1_mgp,1624.00,11367.03,1531,110.00,60.00,200.60,25,54.11,42,18.58,12.49,137.16,18.53,50.18,1.51,34.65,39.38,19,19,58,2348.34,103.00
3540.00,3600.00,0.00,z_r2ps_to_sl_rp1,0.00,0.00,0,0.00,0.00,0.00,0,3.38,8,0.00,0.00,0.00,0.00,2.17,17.77,1.28,4.58,11,11,16,273.41,0.00
3600.00,3660.00,7425.00,z_r2ps_to_ach1_mgp,4980.00,39812.05,4790,128.00,60.00,914.32,87,32.69,99,28.12,18.86,619.47,73.53,32.11,0.63,52.19,96.88,10,10,106,5808.21,195.00
3600.00,3660.00,3218.00,z_sl_rp1_to_ach1_mgp,1664.00,11839.37,1552,157.00,60.00,168.22,20,53.63,42,23.32,12.06,114.91,15.00,50.59,1.36,35.81,39.67,19,18,58,2371.18,113.00
3600.00,3660.00,0.00,z_r2ps_to_sl_rp1,0.00,0.00,0,0.00,0.00,0.00,0,2.41,5,0.00,0.00,0.00,0.00,0.72,17.95,1.06,1.60,0,5,5,93.14,0.00
3660.00,3720.00,10838.00,z_r2ps_to_ach1_mgp,4679.00,37549.75,4562,135.00,60.00,642.19,85,32.27,97,52.61,22.71,491.15,63.78,31.30,0.97,49.98,94.53,9,16,105,5663.91,119.00
3660.00,3720.00,2371.00,z_sl_rp1_to_ach1_mgp,1814.00,13147.65,1729,152.00,60.00,313.26,39,59.27,46,19.92,15.24,149.36,19.48,52.29,1.23,36.06,40.85,20,17,60,2442.93,90.00
3660.00,3720.00,0.00,z_r2ps_to_sl_rp1,0.00,0.00,0,0.00,0.00,0.00,0,0.00,0,0.00,0.00,0.00,0.00,0.00,-1.00,-1.00,0.00,0,0,0,0.00,0.00
3720.00,3780.00,8649.00,z_r2ps_to_ach1_mgp,4238.00,34657.50,4047,129.00,60.00,794.89,70,29.43,89,32.76,16.05,439.10,48.73,28.73,0.81,49.73,86.75,9,12,98,5199.27,196.00
3720.00,3780.00,2827.00,z_sl_rp1_to_ach1_mgp,1432.00,10545.18,1389,117.00,60.00,292.35,37,54.67,43,33.65,17.05,149.90,19.58,45.75,1.98,29.62,35.90,15,25,58,2144.90,49.00
3720.00,3780.00,0.00,z_r2ps_to_sl_rp1,0.00,0.00,0,0.00,0.00,0.00,0,0.00,0,0.00,0.00,0.00,0.00,0.00,-1.00,-1.00,0.00,0,0,0,0.00,0.00
3780.00,3840.00,7738.00,z_r2ps_to_ach1_mgp,4587.00,37271.95,4509,138.00,60.00,839.06,76,28.62,87,46.06,27.30,597.45,72.47,27.90,0.46,46.75,84.45,17,18,103,5057.85,95.00
3780.00,3840.00,2118.00,z_sl_rp1_to_ach1_mgp,1169.00,7410.92,1030,153.00,41.00,131.33,18,48.63,38,12.84,7.08,88.61,12.10,43.35,2.30,27.95,34.13,25,27,58,2037.45,142.00
3780.00,3840.00,0.00,z_r2ps_to_sl_rp1,0.00,0.00,0,0.00,0.00,0.00,0,0.00,0,0.00,0.00,0.00,0.00,0.00,-1.00,-1.00,0.00,0,0,0,0.00,0.00
3840.00,3900.00,10525.00,z_r2ps_to_ach1_mgp,4250.00,32439.48,4006,152.00,60.00,507.34,65,28.62,86,32.69,13.20,334.33,42.65,27.80,1.10,51.78,83.92,5,11,90,5030.06,247.00
3840.00,3900.00,1810.00,z_sl_rp1_to_ach1_mgp,1673.00,11745.39,1537,33.00,33.00,139.83,17,55.21,44,10.90,10.08,99.77,12.60,48.81,1.47,37.55,38.27,22,14,53,2285.45,148.00
3840.00,3900.00,0.00,z_r2ps_to_sl_rp1,0.00,0.00,0,0.00,0.00,0.00,0,0.00,0,0.00,0.00,0.00,0.00,0.00,-1.00,-1.00,0.00,0,0,0,0.00,0.00
3900.00,3960.00,5849.00,z_r2ps_to_ach1_mgp,2419.00,17617.51,2148,151.00,34.00,299.62,26,25.95,79,17.46,7.22,134.65,14.57,24.24,2.59,44.08,73.28,4,16,83,4390.56,287.00
3900.00,3960.00,1941.00,z_sl_rp1_to_ach1_mgp,1751.00,12199.44,1633,65.00,60.00,230.19,28,59.00,46,13.39,12.07,125.90,16.77,51.85,1.33,38.44,40.65,16,9,55,2430.88,122.00
3900.00,3960.00,0.00,z_r2ps_to_sl_rp1,0.00,0.00,0,0.00,0.00,0.00,0,0.00,0,0.00,0.00,0.00,0.00,0.00,-1.00,-1.00,0.00,0,0,0,0.00,0.00
3960.00,4020.00,3101.00,z_r2ps_to_ach1_mgp,2841.00,25731.96,2632,80.00,60.00,658.30,52,22.29,67,11.97,10.97,383.23,37.48,20.57,1.02,46.36,62.27,7,14,74,3729.10,227.00
3960.00,4020.00,2964.00,z_sl_rp1_to_ach1_mgp,1749.00,12391.82,1640,125.00,60.00,254.53,31,59.10,47,19.12,11.28,153.85,20.18,51.06,1.17,36.47,40.18,12,22,58,2401.33,115.00
3960.00,4020.00,0.00,z_r2ps_to_sl_rp1,0.00,0.00,0,0.00,0.00,0.00,0,0.00,0,0.00,0.00,0.00,0.00,0.00,-1.00,-1.00,0.00,0,0,0,0.00,0.00
4020.00,4080.00,5595.00,z_r2ps_to_ach1_mgp,3173.00,28061.55,3094,140.00,60.00,689.82,54,20.24,61,38.59,21.88,447.72,48.70,19.50,0.38,46.25,59.03,13,18,73,3536.06,92.00
4020.00,4080.00,3486.00,z_sl_rp1_to_ach1_mgp,1455.00,10293.35,1389,185.00,60.00,172.47,22,51.32,40,34.18,14.26,135.45,18.35,46.07,1.89,28.43,36.25,27,24,63,2164.04,83.00
4020.00,4080.00,0.00,z_r2ps_to_sl_rp1,0.00,0.00,0,0.00,0.00,0.00,0,0.00,0,0.00,0.00,0.00,0.00,0.00,-1.00,-1.00,0.00,0,0,0,0.00,0.00
4080.00,4140.00,8279.00,z_r2ps_to_ach1_mgp,3000.00,23069.79,2967,200.00,60.00,665.21,49,18.85,57,99.75,36.14,373.32,47.78,18.10,0.47,45.01,54.77,14,15,69,3281.19,35.00
4080.00,4140.00,4279.00,z_sl_rp1_to_ach1_mgp,1156.00,7920.79,1079,243.00,60.00,164.93,21,50.03,39,40.37,10.90,118.20,15.95,42.10,2.59,24.57,33.27,22,29,61,1985.14,81.00
4080.00,4140.00,0.00,z_r2ps_to_sl_rp1,0.00,0.00,0,0.00,0.00,0.00,0,0.00,0,0.00,0.00,0.00,0.00,0.00,-1.00,-1.00,0.00,0,0,0,0.00,0.00
4140.00,4200.00,10319.00,z_r2ps_to_ach1_mgp,2333.00,18034.65,2304,221.00,60.00,699.70,50,18.93,57,127.39,28.80,292.41,37.22,17.30,2.19,40.18,52.55,11,20,65,3143.40,29.00
4140.00,4200.00,1155.00,z_sl_rp1_to_ach1_mgp,231.00,1338.29,194,254.00,16.00,95.02,13,40.06,32,23.10,4.62,18.09,2.57,27.69,5.67,16.62,21.93,10,27,42,1304.10,37.00
4140.00,4200.00,0.00,z_r2ps_to_sl_rp1,0.00,0.00,0,0.00,0.00,0.00,0,0.00,0,0.00,0.00,0.00,0.00,0.00,-1.00,-1.00,0.00,0,0,0,0.00,0.00
4200.00,4260.00,3721.00,z_r2ps_to_ach1_mgp,376.00,1921.15,279,221.00,18.00,112.70,15,15.30,46,31.01,3.13,28.12,3.90,11.55,6.88,23.23,35.17,2,24,47,2102.27,109.00
4200.00,4260.00,47.00,z_sl_rp1_to_ach1_mgp,46.00,197.48,30,6.00,6.00,30.27,4,18.14,15,2.76,2.71,3.29,0.50,11.88,6.21,7.77,9.65,13,19,28,569.43,18.00
4200.00,4260.00,0.00,z_r2ps_to_sl_rp1,0.00,0.00,0,0.00,0.00,0.00,0,0.00,0,0.00,0.00,0.00,0.00,0.00,-1.00,-1.00,0.00,0,0,0,0.00,0.00
4260.00,4320.00,106.00,z_r2ps_to_ach1_mgp,98.00,328.94,54,7.00,5.00,29.61,4,7.32,23,2.04,1.88,4.18,0.65,3.44,3.77,16.91,10.83,0,23,23,640.74,50.00
4260.00,4320.00,36.00,z_sl_rp1_to_ach1_mgp,27.00,125.36,24,6.00,6.00,23.91,4,12.23,10,4.00,3.00,2.09,0.40,5.28,4.63,7.73,4.57,7,16,16,265.48,8.00
4260.00,4320.00,0.00,z_r2ps_to_sl_rp1,0.00,0.00,0,0.00,0.00,0.00,0,0.00,0,0.00,0.00,0.00,0.00,0.00,-1.00,-1.00,0.00,0,0,0,0.00,0.00
4320.00,4380.00,0.00,z_r2ps_to_ach1_mgp,0.00,0.00,0,0.00,0.00,0.00,0,0.00,0,0.00,0.00,0.00,0.00,0.00,-1.00,-1.00,0.00,0,0,0,0.00,0.00
4320.00,4380.00,0.00,z_sl_rp1_to_ach1_mgp,0.00,0.00,0,0.00,0.00,0.00,0,1.30,1,0.00,0.00,0.00,0.00,0.41,9.75,1.58,0.32,1,0,1,18.95,0.00
4320.00,4380.00,0.00,z_r2ps_to_sl_rp1,0.00,0.00,0,0.00,0.00,0.00,0,0.00,0,0.00,0.00,0.00,0.00,0.00,-1.00,-1.00,0.00,0,0,0,0.00,0.00
4380.00,4440.00,0.00,z_r2ps_to_ach1_mgp,0.00,0.00,0,0.00,0.00,0.00,0,0.00,0,0.00,0.00,0.00,0.00,0.00,-1.00,-1.00,0.00,0,0,0,0.00,0.00
4380.00,4440.00,0.00,z_sl_rp1_to_ach1_mgp,0.00,0.00,0,0.00,0.00,0.00,0,1.30,1,0.00,0.00,0.00,0.00,0.17,7.49,1.00,0.15,0,1,1,8.97,0.00
4380.00,4440.00,0.00,z_r2ps_to_sl_rp1,0.00,0.00,0,0.00,0.00,0.00,0,0.00,0,0.00,0.00,0.00,0.00,0.00,-1.00,-1.00,0.00,0,0,0,0.00,0.00
4440.00,4500.00,0.00,z_r2ps_to_ach1_mgp,0.00,0.00,0,0.00,0.00,0.00,0,0.00,0,0.00,0.00,0.00,0.00,0.00,-1.00,-1.00,0.00,0,0,0,0.00,0.00
4440.00,4500.00,0.00,z_sl_rp1_to_ach1_mgp,0.00,0.00,0,0.00,0.00,0.00,0,0.00,0,0.00,0.00,0.00,0.00,0.00,-1.00,-1.00,0.00,0,0,0,0.00,0.00
4440.00,4500.00,0.00,z_r2ps_to_sl_rp1,0.00,0.00,0,0.00,0.00,0.00,0,0.00,0,0.00,0.00,0.00,0.00,0.00,-1.00,-1.00,0.00,0,0,0,0.00,0.00
4500.00,4560.00,0.00,z_r2ps_to_ach1_mgp,0.00,0.00,0,0.00,0.00,0.00,0,0.00,0,0.00,0.00,0.00,0.00,0.00,-1.00,-1.00,0.00,0,0,0,0.00,0.00
4500.00,4560.00,0.00,z_sl_rp1_to_ach1_mgp,0.00,0.00,0,0.00,0.00,0.00,0,0.00,0,0.00,0.00,0.00,0.00,0.00,-1.00,-1.00,0.00,0,0,0,0.00,0.00
4500.00,4560.00,0.00,z_r2ps_to_sl_rp1,0.00,0.00,0,0.00,0.00,0.00,0,0.00,0,0.00,0.00,0.00,0.00,0.00,-1.00,-1.00,0.00,0,0,0,0.00,0.00
4560.00,4620.00,0.00,z_r2ps_to_ach1_mgp,0.00,0.00,0,0.00,0.00,0.00,0,0.00,0,0.00,0.00,0.00,0.00,0.00,-1.00,-1.00,0.00,0,0,0,0.00,0.00
4560.00,4620.00,0.00,z_sl_rp1_to_ach1_mgp,0.00,0.00,0,0.00,0.00,0.00,0,0.00,0,0.00,0.00,0.00,0.00,0.00,-1.00,-1.00,0.00,0,0,0,0.00,0.00
4560.00,4620.00,0.00,z_r2ps_to_sl_rp1,0.00,0.00,0,0.00,0.00,0.00,0,0.00,0,0.00,0.00,0.00,0.00,0.00,-1.00,-1.00,0.00,0,0,0,0.00,0.00
4620.00,4680.00,0.00,z_r2ps_to_ach1_mgp,0.00,0.00,0,0.00,0.00,0.00,0,0.00,0,0.00,0.00,0.00,0.00,0.00,-1.00,-1.00,0.00,0,0,0,0.00,0.00
4620.00,4680.00,0.00,z_sl_rp1_to_ach1_mgp,0.00,0.00,0,0.00,0.00,0.00,0,0.00,0,0.00,0.00,0.00,0.00,0.00,-1.00,-1.00,0.00,0,0,0,0.00,0.00
4620.00,4680.00,0.00,z_r2ps_to_sl_rp1,0.00,0.00,0,0.00,0.00,0.00,0,0.00,0,0.00,0.00,0.00,0.00,0.00,-1.00,-1.00,0.00,0,0,0,0.00,0.00
4680.00,4740.00,0.00,z_r2ps_to_ach1_mgp,0.00,0.00,0,0.00,0.00,0.00,0,0.00,0,0.00,0.00,0.00,0.00,0.00,-1.00,-1.00,0.00,0,0,0,0.00,0.00
4680.00,4740.00,0.00,z_sl_rp1_to_ach1_mgp,0.00,0.00,0,0.00,0.00,0.00,0,0.00,0,0.00,0.00,0.00,0.00,0.00,-1.00,-1.00,0.00,0,0,0,0.00,0.00
4680.00,4740.00,0.00,z_r2ps_to_sl_rp1,0.00,0.00,0,0.00,0.00,0.00,0,0.00,0,0.00,0.00,0.00,0.00,0.00,-1.00,-1.00,0.00,0,0,0,0.00,0.00
4740.00,4800.00,0.00,z_r2ps_to_ach1_mgp,0.00,0.00,0,0.00,0.00,0.00,0,0.00,0,0.00,0.00,0.00,0.00,0.00,-1.00,-1.00,0.00,0,0,0,0.00,0.00
4740.00,4800.00,0.00,z_sl_rp1_to_ach1_mgp,0.00,0.00,0,0.00,0.00,0.00,0,0.00,0,0.00,0.00,0.00,0.00,0.00,-1.00,-1.00,0.00,0,0,0,0.00,0.00
4740.00,4800.00,0.00,z_r2ps_to_sl_rp1,0.00,0.00,0,0.00,0.00,0.00,0,0.00,0,0.00,0.00,0.00,0.00,0.00,-1.00,-1.00,0.00,0,0,0,0.00,0.00
4800.00,4860.00,0.00,z_r2ps_to_ach1_mgp,0.00,0.00,0,0.00,0.00,0.00,0,0.00,0,0.00,0.00,0.00,0.00,0.00,-1.00,-1.00,0.00,0,0,0,0.00,0.00
4800.00,4860.00,0.00,z_sl_rp1_to_ach1_mgp,0.00,0.00,0,0.00,0.00,0.00,0,0.00,0,0.00,0.00,0.00,0.00,0.00,-1.00,-1.00,0.00,0,0,0,0.00,0.00
4800.00,4860.00,0.00,z_r2ps_to_sl_rp1,0.00,0.00,0,0.00,0.00,0.00,0,0.00,0,0.00,0.00,0.00,0.00,0.00,-1.00,-1.00,0.00,0,0,0,0.00,0.00
4860.00,4920.00,0.00,z_r2ps_to_ach1_mgp,0.00,0.00,0,0.00,0.00,0.00,0,0.00,0,0.00,0.00,0.00,0.00,0.00,-1.00,-1.00,0.00,0,0,0,0.00,0.00
4860.00,4920.00,0.00,z_sl_rp1_to_ach1_mgp,0.00,0.00,0,0.00,0.00,0.00,0,0.00,0,0.00,0.00,0.00,0.00,0.00,-1.00,-1.00,0.00,0,0,0,0.00,0.00
4860.00,4920.00,0.00,z_r2ps_to_sl_rp1,0.00,0.00,0,0.00,0.00,0.00,0,0.00,0,0.00,0.00,0.00,0.00,0.00,-1.00,-1.00,0.00,0,0,0,0.00,0.00
4920.00,4980.00,0.00,z_r2ps_to_ach1_mgp,0.00,0.00,0,0.00,0.00,0.00,0,0.00,0,0.00,0.00,0.00,0.00,0.00,-1.00,-1.00,0.00,0,0,0,0.00,0.00
4920.00,4980.00,0.00,z_sl_rp1_to_ach1_mgp,0.00,0.00,0,0.00,0.00,0.00,0,0.00,0,0.00,0.00,0.00,0.00,0.00,-1.00,-1.00,0.00,0,0,0,0.00,0.00
4920.00,4980.00,0.00,z_r2ps_to_sl_rp1,0.00,0.00,0,0.00,0.00,0.00,0,0.00,0,0.00,0.00,0.00,0.00,0.00,-1.00,-1.00,0.00,0,0,0,0.00,0.00
4980.00,5040.00,0.00,z_r2ps_to_ach1_mgp,0.00,0.00,0,0.00,0.00,0.00,0,0.00,0,0.00,0.00,0.00,0.00,0.00,-1.00,-1.00,0.00,0,0,0,0.00,0.00
4980.00,5040.00,0.00,z_sl_rp1_to_ach1_mgp,0.00,0.00,0,0.00,0.00,0.00,0,0.00,0,0.00,0.00,0.00,0.00,0.00,-1.00,-1.00,0.00,0,0,0,0.00,0.00
4980.00,5040.00,0.00,z_r2ps_to_sl_rp1,0.00,0.00,0,0.00,0.00,0.00,0,0.00,0,0.00,0.00,0.00,0.00,0.00,-1.00,-1.00,0.00,0,0,0,0.00,0.00
5040.00,5100.00,0.00,z_r2ps_to_ach1_mgp,0.00,0.00,0,0.00,0.00,0.00,0,0.00,0,0.00,0.00,0.00,0.00,0.00,-1.00,-1.00,0.00,0,0,0,0.00,0.00
5040.00,5100.00,0.00,z_sl_rp1_to_ach1_mgp,0.00,0.00,0,0.00,0.00,0.00,0,0.00,0,0.00,0.00,0.00,0.00,0.00,-1.00,-1.00,0.00,0,0,0,0.00,0.00
5040.00,5100.00,0.00,z_r2ps_to_sl_rp1,0.00,0.00,0,0.00,0.00,0.00,0,0.00,0,0.00,0.00,0.00,0.00,0.00,-1.00,-1.00,0.00,0,0,0,0.00,0.00
5100.00,5160.00,0.00,z_r2ps_to_ach1_mgp,0.00,0.00,0,0.00,0.00,0.00,0,0.00,0,0.00,0.00,0.00,0.00,0.00,-1.00,-1.00,0.00,0,0,0,0.00,0.00
5100.00,5160.00,0.00,z_sl_rp1_to_ach1_mgp,0.00,0.00,0,0.00,0.00,0.00,0,0.00,0,0.00,0.00,0.00,0.00,0.00,-1.00,-1.00,0.00,0,0,0,0.00,0.00
5100.00,5160.00,0.00,z_r2ps_to_sl_rp1,0.00,0.00,0,0.00,0.00,0.00,0,0.00,0,0.00,0.00,0.00,0.00,0.00,-1.00,-1.00,0.00,0,0,0,0.00,0.00
5160.00,5220.00,0.00,z_r2ps_to_ach1_mgp,0.00,0.00,0,0.00,0.00,0.00,0,0.00,0,0.00,0.00,0.00,0.00,0.00,-1.00,-1.00,0.00,0,0,0,0.00,0.00
5160.00,5220.00,0.00,z_sl_rp1_to_ach1_mgp,0.00,0.00,0,0.00,0.00,0.00,0,0.00,0,0.00,0.00,0.00,0.00,0.00,-1.00,-1.00,0.00,0,0,0,0.00,0.00
5160.00,5220.00,0.00,z_r2ps_to_sl_rp1,0.00,0.00,0,0.00,0.00,0.00,0,0.00,0,0.00,0.00,0.00,0.00,0.00,-1.00,-1.00,0.00,0,0,0,0.00,0.00
5220.00,5280.00,0.00,z_r2ps_to_ach1_mgp,0.00,0.00,0,0.00,0.00,0.00,0,0.00,0,0.00,0.00,0.00,0.00,0.00,-1.00,-1.00,0.00,0,0,0,0.00,0.00
5220.00,5280.00,0.00,z_sl_rp1_to_ach1_mgp,0.00,0.00,0,0.00,0.00,0.00,0,0.00,0,0.00,0.00,0.00,0.00,0.00,-1.00,-1.00,0.00,0,0,0,0.00,0.00
5220.00,5280.00,0.00,z_r2ps_to_sl_rp1,0.00,0.00,0,0.00,0.00,0.00,0,0.00,0,0.00,0.00,0.00,0.00,0.00,-1.00,-1.00,0.00,0,0,0,0.00,0.00
5280.00,5340.00,0.00,z_r2ps_to_ach1_mgp,0.00,0.00,0,0.00,0.00,0.00,0,0.00,0,0.00,0.00,0.00,0.00,0.00,-1.00,-1.00,0.00,0,0,0,0.00,0.00
5280.00,5340.00,0.00,z_sl_rp1_to_ach1_mgp,0.00,0.00,0,0.00,0.00,0.00,0,0.00,0,0.00,0.00,0.00,0.00,0.00,-1.00,-1.00,0.00,0,0,0,0.00,0.00
5280.00,5340.00,0.00,z_r2ps_to_sl_rp1,0.00,0.00,0,0.00,0.00,0.00,0,0.00,0,0.00,0.00,0.00,0.00,0.00,-1.00,-1.00,0.00,0,0,0,0.00,0.00
5340.00,5400.00,0.00,z_r2ps_to_ach1_mgp,0.00,0.00,0,0.00,0.00,0.00,0,0.00,0,0.00,0.00,0.00,0.00,0.00,-1.00,-1.00,0.00,0,0,0,0.00,0.00
5340.00,5400.00,0.00,z_sl_rp1_to_ach1_mgp,0.00,0.00,0,0.00,0.00,0.00,0,0.00,0,0.00,0.00,0.00,0.00,0.00,-1.00,-1.00,0.00,0,0,0,0.00,0.00
5340.00,5400.00,0.00,z_r2ps_to_sl_rp1,0.00,0.00,0,0.00,0.00,0.00,0,0.00,0,0.00,0.00,0.00,0.00,0.00,-1.00,-1.00,0.00,0,0,0,0.00,0.00
5400.00,5433.00,0.00,z_r2ps_to_ach1_mgp,0.00,0.00,0,0.00,0.00,0.00,0,0.00,0,0.00,0.00,0.00,0.00,0.00,-1.00,-1.00,0.00,0,0,0,0.00,0.00
5400.00,5433.00,0.00,z_sl_rp1_to_ach1_mgp,0.00,0.00,0,0.00,0.00,0.00,0,0.00,0,0.00,0.00,0.00,0.00,0.00,-1.00,-1.00,0.00,0,0,0,0.00,0.00
5400.00,5433.00,0.00,z_r2ps_to_sl_rp1,0.00,0.00,0,0.00,0.00,0.00,0,0.00,0,0.00,0.00,0.00,0.00,0.00,-1.00,-1.00,0.00,0,0,0,0.00,0.00
