interval_begin,interval_end,interval_id,edge_arrived,edge_departed,edge_entered,edge_id,edge_laneChangedFrom,edge_laneChangedTo,edge_left,edge_sampledSeconds
0.00,60.00,e_ccb_to_rp4,0,0,0,102165688#0,0,0,0,0.00
0.00,60.00,e_ccb_to_rp4,0,0,0,102165688#1,0,0,0,0.00
0.00,60.00,e_ccb_to_rp4,0,0,0,1136268465,0,0,0,0.00
0.00,60.00,e_ccb_to_rp4,0,0,0,190876198,0,0,0,0.00
0.00,60.00,e_ccb_to_rp4,0,0,0,28000507#1,0,0,0,0.00
60.00,120.00,e_ccb_to_rp4,0,0,3,102165688#0,0,0,2,46.19
60.00,120.00,e_ccb_to_rp4,0,0,2,102165688#1,0,0,1,2.39
60.00,120.00,e_ccb_to_rp4,0,0,4,1136268465,1,1,2,13.28
60.00,120.00,e_ccb_to_rp4,0,0,2,190876198,0,0,2,3.55
60.00,120.00,e_ccb_to_rp4,0,0,2,28000507#1,0,0,2,2.29
120.00,180.00,e_ccb_to_rp4,0,0,8,102165688#0,0,0,7,132.43
120.00,180.00,e_ccb_to_rp4,0,0,6,102165688#1,0,0,7,16.09
120.00,180.00,e_ccb_to_rp4,0,0,9,1136268465,6,6,11,41.12
120.00,180.00,e_ccb_to_rp4,0,0,11,190876198,0,0,11,19.30
120.00,180.00,e_ccb_to_rp4,0,0,11,28000507#1,0,0,9,17.86
180.00,240.00,e_ccb_to_rp4,0,0,14,102165688#0,0,0,14,246.54
180.00,240.00,e_ccb_to_rp4,0,0,9,102165688#1,0,0,8,23.59
180.00,240.00,e_ccb_to_rp4,0,0,11,1136268465,6,6,8,38.51
180.00,240.00,e_ccb_to_rp4,0,0,7,190876198,0,0,6,10.85
180.00,240.00,e_ccb_to_rp4,0,0,5,28000507#1,0,0,7,37.04
240.00,300.00,e_ccb_to_rp4,0,0,13,102165688#0,0,0,10,217.09
240.00,300.00,e_ccb_to_rp4,0,0,8,102165688#1,0,0,9,22.17
240.00,300.00,e_ccb_to_rp4,0,0,12,1136268465,8,8,15,59.85
240.00,300.00,e_ccb_to_rp4,0,0,16,190876198,1,1,16,36.86
240.00,300.00,e_ccb_to_rp4,0,0,14,28000507#1,0,0,13,58.09
300.00,360.00,e_ccb_to_rp4,0,0,13,102165688#0,0,0,14,263.04
300.00,360.00,e_ccb_to_rp4,0,0,14,102165688#1,0,0,14,37.45
300.00,360.00,e_ccb_to_rp4,0,0,18,1136268465,11,11,18,80.49
300.00,360.00,e_ccb_to_rp4,0,0,16,190876198,0,0,11,164.47
300.00,360.00,e_ccb_to_rp4,0,0,10,28000507#1,0,0,9,113.12
360.00,420.00,e_ccb_to_rp4,0,0,15,102165688#0,0,0,14,298.32
360.00,420.00,e_ccb_to_rp4,0,0,10,102165688#1,0,0,9,25.30
360.00,420.00,e_ccb_to_rp4,0,0,11,1136268465,5,5,8,211.80
360.00,420.00,e_ccb_to_rp4,0,0,7,190876198,0,0,10,280.96
360.00,420.00,e_ccb_to_rp4,0,0,10,28000507#1,0,0,12,112.06
420.00,480.00,e_ccb_to_rp4,0,0,14,102165688#0,0,0,12,234.24
420.00,480.00,e_ccb_to_rp4,0,0,10,102165688#1,0,0,11,26.83
420.00,480.00,e_ccb_to_rp4,0,0,12,1136268465,7,7,12,114.01
420.00,480.00,e_ccb_to_rp4,0,0,13,190876198,1,1,13,224.55
420.00,480.00,e_ccb_to_rp4,0,0,13,28000507#1,0,0,12,114.14
480.00,540.00,e_ccb_to_rp4,0,1,9,102165688#0,0,0,14,217.26
480.00,540.00,e_ccb_to_rp4,0,0,12,102165688#1,0,0,12,30.12
480.00,540.00,e_ccb_to_rp4,0,0,16,1136268465,9,9,15,116.70
480.00,540.00,e_ccb_to_rp4,0,0,13,190876198,1,1,12,275.47
480.00,540.00,e_ccb_to_rp4,0,0,14,28000507#1,0,0,13,101.96
540.00,600.00,e_ccb_to_rp4,0,0,21,102165688#0,0,0,19,466.24
540.00,600.00,e_ccb_to_rp4,0,0,11,102165688#1,0,0,9,42.70
540.00,600.00,e_ccb_to_rp4,0,0,12,1136268465,6,6,7,381.43
540.00,600.00,e_ccb_to_rp4,0,0,8,190876198,0,0,9,314.27
540.00,600.00,e_ccb_to_rp4,0,0,9,28000507#1,0,0,9,112.31
600.00,660.00,e_ccb_to_rp4,0,0,11,102165688#0,0,0,12,283.96
600.00,660.00,e_ccb_to_rp4,0,0,11,102165688#1,0,0,11,142.75
600.00,660.00,e_ccb_to_rp4,0,0,14,1136268465,5,5,15,521.71
600.00,660.00,e_ccb_to_rp4,0,0,14,190876198,0,0,13,288.31
600.00,660.00,e_ccb_to_rp4,0,0,13,28000507#1,0,0,14,112.42
660.00,720.00,e_ccb_to_rp4,0,0,16,102165688#0,0,0,11,318.95
660.00,720.00,e_ccb_to_rp4,0,0,10,102165688#1,0,0,10,123.14
660.00,720.00,e_ccb_to_rp4,0,0,13,1136268465,4,4,11,584.15
660.00,720.00,e_ccb_to_rp4,0,0,12,190876198,1,1,10,294.52
660.00,720.00,e_ccb_to_rp4,0,0,8,28000507#1,0,0,6,115.35
720.00,780.00,e_ccb_to_rp4,0,0,14,102165688#0,0,0,0,968.77
720.00,780.00,e_ccb_to_rp4,0,0,1,102165688#1,0,0,0,178.30
720.00,780.00,e_ccb_to_rp4,0,0,2,1136268465,1,1,1,733.35
720.00,780.00,e_ccb_to_rp4,0,0,1,190876198,0,0,1,352.25
720.00,780.00,e_ccb_to_rp4,0,0,1,28000507#1,0,0,1,119.47
780.00,840.00,e_ccb_to_rp4,0,0,6,102165688#0,0,0,7,1483.53
780.00,840.00,e_ccb_to_rp4,0,0,5,102165688#1,0,0,5,158.12
780.00,840.00,e_ccb_to_rp4,0,0,8,1136268465,4,4,14,607.26
780.00,840.00,e_ccb_to_rp4,0,0,14,190876198,1,1,15,252.56
780.00,840.00,e_ccb_to_rp4,0,0,17,28000507#1,0,0,18,105.23
840.00,900.00,e_ccb_to_rp4,0,0,15,102165688#0,0,0,16,1115.07
840.00,900.00,e_ccb_to_rp4,0,0,9,102165688#1,0,0,9,168.07
840.00,900.00,e_ccb_to_rp4,0,0,12,1136268465,9,9,7,600.82
840.00,900.00,e_ccb_to_rp4,0,0,7,190876198,0,0,6,322.06
840.00,900.00,e_ccb_to_rp4,0,0,4,28000507#1,0,0,3,114.00
900.00,960.00,e_ccb_to_rp4,0,0,7,102165688#0,0,0,4,1522.61
900.00,960.00,e_ccb_to_rp4,0,0,2,102165688#1,0,0,3,168.68
900.00,960.00,e_ccb_to_rp4,0,0,5,1136268465,2,2,5,701.31
900.00,960.00,e_ccb_to_rp4,0,0,4,190876198,0,0,6,313.49
900.00,960.00,e_ccb_to_rp4,0,0,6,28000507#1,0,0,6,127.01
960.00,1020.00,e_ccb_to_rp4,0,0,5,102165688#0,0,0,7,1486.08
960.00,1020.00,e_ccb_to_rp4,0,0,5,102165688#1,0,0,6,155.64
960.00,1020.00,e_ccb_to_rp4,0,0,9,1136268465,7,7,12,609.78
960.00,1020.00,e_ccb_to_rp4,0,0,13,190876198,0,0,12,256.41
960.00,1020.00,e_ccb_to_rp4,0,0,12,28000507#1,0,0,13,101.64
1020.00,1080.00,e_ccb_to_rp4,0,0,16,102165688#0,0,0,11,1214.06
1020.00,1080.00,e_ccb_to_rp4,0,0,6,102165688#1,0,0,4,170.31
1020.00,1080.00,e_ccb_to_rp4,0,0,7,1136268465,2,2,5,680.90
1020.00,1080.00,e_ccb_to_rp4,0,0,6,190876198,0,0,6,330.58
1020.00,1080.00,e_ccb_to_rp4,0,0,6,28000507#1,0,0,6,115.50
1080.00,1140.00,e_ccb_to_rp4,0,0,5,102165688#0,0,0,14,1415.72
1080.00,1140.00,e_ccb_to_rp4,0,0,12,102165688#1,0,0,14,132.37
1080.00,1140.00,e_ccb_to_rp4,0,0,20,1136268465,5,5,23,497.12
1080.00,1140.00,e_ccb_to_rp4,0,0,24,190876198,0,0,26,229.69
1080.00,1140.00,e_ccb_to_rp4,0,0,28,28000507#1,1,1,27,91.12
1140.00,1200.00,e_ccb_to_rp4,0,0,21,102165688#0,0,0,23,958.61
1140.00,1200.00,e_ccb_to_rp4,0,0,14,102165688#1,0,0,15,83.22
1140.00,1200.00,e_ccb_to_rp4,0,0,15,1136268465,9,9,20,260.32
1140.00,1200.00,e_ccb_to_rp4,0,0,22,190876198,3,3,22,135.45
1140.00,1200.00,e_ccb_to_rp4,0,0,20,28000507#1,0,0,20,82.07
1200.00,1260.00,e_ccb_to_rp4,0,0,24,102165688#0,0,0,28,785.80
1200.00,1260.00,e_ccb_to_rp4,0,0,21,102165688#1,0,0,19,66.87
1200.00,1260.00,e_ccb_to_rp4,0,0,21,1136268465,9,9,14,310.08
1200.00,1260.00,e_ccb_to_rp4,0,0,10,190876198,0,0,8,295.72
1200.00,1260.00,e_ccb_to_rp4,0,0,9,28000507#1,0,0,10,105.38
1260.00,1320.00,e_ccb_to_rp4,0,0,19,102165688#0,0,0,10,922.49
1260.00,1320.00,e_ccb_to_rp4,0,0,7,102165688#1,0,0,6,210.68
1260.00,1320.00,e_ccb_to_rp4,0,0,10,1136268465,6,6,11,629.46
1260.00,1320.00,e_ccb_to_rp4,0,0,13,190876198,0,0,14,292.64
1260.00,1320.00,e_ccb_to_rp4,0,0,13,28000507#1,0,0,13,108.69
1320.00,1380.00,e_ccb_to_rp4,0,0,11,102165688#0,0,0,9,1358.57
1320.00,1380.00,e_ccb_to_rp4,0,0,9,102165688#1,0,0,8,197.42
1320.00,1380.00,e_ccb_to_rp4,0,0,15,1136268465,6,6,13,589.76
1320.00,1380.00,e_ccb_to_rp4,0,0,11,190876198,0,0,10,297.29
1320.00,1380.00,e_ccb_to_rp4,0,0,10,28000507#1,0,0,9,112.45
1380.00,1440.00,e_ccb_to_rp4,0,0,7,102165688#0,0,0,5,1525.63
1380.00,1440.00,e_ccb_to_rp4,0,0,6,102165688#1,0,0,6,206.93
1380.00,1440.00,e_ccb_to_rp4,0,0,8,1136268465,7,7,8,602.67
1380.00,1440.00,e_ccb_to_rp4,0,0,9,190876198,0,0,9,309.75
1380.00,1440.00,e_ccb_to_rp4,0,0,9,28000507#1,0,0,9,108.99
1440.00,1500.00,e_ccb_to_rp4,0,0,5,102165688#0,0,0,11,1446.56
1440.00,1500.00,e_ccb_to_rp4,0,0,9,102165688#1,0,0,9,166.08
1440.00,1500.00,e_ccb_to_rp4,0,0,12,1136268465,7,7,13,519.32
1440.00,1500.00,e_ccb_to_rp4,0,0,13,190876198,1,1,16,270.72
1440.00,1500.00,e_ccb_to_rp4,0,0,18,28000507#1,0,0,19,102.05
1500.00,1560.00,e_ccb_to_rp4,0,0,15,102165688#0,0,0,23,970.80
1500.00,1560.00,e_ccb_to_rp4,0,0,16,102165688#1,0,0,18,87.94
1500.00,1560.00,e_ccb_to_rp4,0,0,22,1136268465,14,14,24,398.70
1500.00,1560.00,e_ccb_to_rp4,0,0,24,190876198,0,0,21,267.11
1500.00,1560.00,e_ccb_to_rp4,0,0,19,28000507#1,0,0,17,104.04
1560.00,1620.00,e_ccb_to_rp4,0,0,16,102165688#0,0,0,15,508.25
1560.00,1620.00,e_ccb_to_rp4,1,0,9,102165688#1,0,0,8,122.23
1560.00,1620.00,e_ccb_to_rp4,0,0,12,1136268465,5,5,9,601.67
1560.00,1620.00,e_ccb_to_rp4,0,0,10,190876198,0,0,11,317.58
1560.00,1620.00,e_ccb_to_rp4,0,0,11,28000507#1,0,0,11,116.55
1620.00,1680.00,e_ccb_to_rp4,0,0,10,102165688#0,0,0,11,524.99
1620.00,1680.00,e_ccb_to_rp4,0,0,10,102165688#1,0,0,9,190.89
1620.00,1680.00,e_ccb_to_rp4,0,0,11,1136268465,9,9,11,538.68
1620.00,1680.00,e_ccb_to_rp4,0,0,10,190876198,0,0,10,303.14
1620.00,1680.00,e_ccb_to_rp4,0,1,11,28000507#1,0,0,12,106.07
1680.00,1740.00,e_ccb_to_rp4,0,0,14,102165688#0,0,0,21,531.86
1680.00,1740.00,e_ccb_to_rp4,0,0,15,102165688#1,0,0,16,139.59
1680.00,1740.00,e_ccb_to_rp4,0,0,18,1136268465,7,7,18,471.13
1680.00,1740.00,e_ccb_to_rp4,0,0,19,190876198,0,0,20,234.49
1680.00,1740.00,e_ccb_to_rp4,1,0,21,28000507#1,0,0,20,98.74
1740.00,1800.00,e_ccb_to_rp4,0,0,15,102165688#0,0,0,10,302.36
1740.00,1800.00,e_ccb_to_rp4,0,0,8,102165688#1,0,0,7,143.00
1740.00,1800.00,e_ccb_to_rp4,0,0,10,1136268465,11,11,11,565.32
1740.00,1800.00,e_ccb_to_rp4,0,0,10,190876198,0,0,9,319.87
1740.00,1800.00,e_ccb_to_rp4,0,0,10,28000507#1,0,0,11,115.03
1800.00,1860.00,e_ccb_to_rp4,0,0,5,102165688#0,0,0,10,250.21
1800.00,1860.00,e_ccb_to_rp4,0,0,8,102165688#1,0,0,7,185.69
1800.00,1860.00,e_ccb_to_rp4,0,0,12,1136268465,4,4,12,624.64
1800.00,1860.00,e_ccb_to_rp4,0,0,13,190876198,0,0,13,279.34
1800.00,1860.00,e_ccb_to_rp4,0,0,12,28000507#1,0,0,10,108.80
1860.00,1920.00,e_ccb_to_rp4,0,0,21,102165688#0,0,0,13,557.67
1860.00,1920.00,e_ccb_to_rp4,0,0,11,102165688#1,0,0,11,163.12
1860.00,1920.00,e_ccb_to_rp4,0,0,16,1136268465,4,4,15,573.45
1860.00,1920.00,e_ccb_to_rp4,0,0,17,190876198,0,0,17,286.70
1860.00,1920.00,e_ccb_to_rp4,0,0,16,28000507#1,0,0,16,110.26
1920.00,1980.00,e_ccb_to_rp4,0,0,8,102165688#0,0,0,3,932.72
1920.00,1980.00,e_ccb_to_rp4,0,0,2,102165688#1,0,0,5,176.43
1920.00,1980.00,e_ccb_to_rp4,0,0,10,1136268465,4,4,11,612.51
1920.00,1980.00,e_ccb_to_rp4,0,0,8,190876198,0,0,8,299.37
1920.00,1980.00,e_ccb_to_rp4,0,0,8,28000507#1,0,0,9,107.39
1980.00,2040.00,e_ccb_to_rp4,0,0,16,102165688#0,0,0,8,1193.15
1980.00,2040.00,e_ccb_to_rp4,0,0,6,102165688#1,0,0,3,215.20
1980.00,2040.00,e_ccb_to_rp4,0,0,9,1136268465,3,3,6,659.49
1980.00,2040.00,e_ccb_to_rp4,0,0,6,190876198,0,0,6,263.66
1980.00,2040.00,e_ccb_to_rp4,0,0,7,28000507#1,0,0,6,113.60
2040.00,2100.00,e_ccb_to_rp4,0,0,4,102165688#0,0,0,0,1693.47
2040.00,2100.00,e_ccb_to_rp4,0,0,0,102165688#1,0,0,0,240.00
2040.00,2100.00,e_ccb_to_rp4,0,0,2,1136268465,0,0,2,743.88
2040.00,2100.00,e_ccb_to_rp4,0,0,3,190876198,0,0,3,285.71
2040.00,2100.00,e_ccb_to_rp4,0,0,3,28000507#1,0,0,4,117.14
2100.00,2160.00,e_ccb_to_rp4,0,0,2,102165688#0,0,0,3,1666.52
2100.00,2160.00,e_ccb_to_rp4,0,0,1,102165688#1,0,0,1,233.95
2100.00,2160.00,e_ccb_to_rp4,0,0,5,1136268465,0,0,5,706.44
2100.00,2160.00,e_ccb_to_rp4,0,0,4,190876198,0,0,3,331.05
2100.00,2160.00,e_ccb_to_rp4,0,0,2,28000507#1,0,0,2,115.45
2160.00,2220.00,e_ccb_to_rp4,0,0,0,102165688#0,0,0,2,1692.52
2160.00,2220.00,e_ccb_to_rp4,0,0,2,102165688#1,0,0,3,203.83
2160.00,2220.00,e_ccb_to_rp4,0,0,7,1136268465,1,1,8,673.65
2160.00,2220.00,e_ccb_to_rp4,0,0,8,190876198,0,0,8,295.91
2160.00,2220.00,e_ccb_to_rp4,0,0,9,28000507#1,0,0,8,109.67
2220.00,2280.00,e_ccb_to_rp4,0,0,4,102165688#0,0,0,15,1424.99
2220.00,2280.00,e_ccb_to_rp4,0,0,13,102165688#1,0,0,13,147.93
2220.00,2280.00,e_ccb_to_rp4,0,0,15,1136268465,5,5,17,598.35
2220.00,2280.00,e_ccb_to_rp4,0,0,19,190876198,1,1,19,248.05
2220.00,2280.00,e_ccb_to_rp4,0,0,19,28000507#1,1,1,20,88.26
2280.00,2340.00,e_ccb_to_rp4,0,0,16,102165688#0,0,0,2,1391.83
2280.00,2340.00,e_ccb_to_rp4,0,0,2,102165688#1,0,0,1,234.56
2280.00,2340.00,e_ccb_to_rp4,0,0,3,1136268465,3,3,2,554.10
2280.00,2340.00,e_ccb_to_rp4,0,0,3,190876198,0,0,2,349.02
2280.00,2340.00,e_ccb_to_rp4,0,0,3,28000507#1,0,0,2,116.18
2340.00,2400.00,e_ccb_to_rp4,0,0,1,102165688#0,0,0,11,1446.37
2340.00,2400.00,e_ccb_to_rp4,0,0,7,102165688#1,0,0,8,162.46
2340.00,2400.00,e_ccb_to_rp4,0,0,10,1136268465,4,4,9,557.34
2340.00,2400.00,e_ccb_to_rp4,0,0,7,190876198,0,0,9,243.57
2340.00,2400.00,e_ccb_to_rp4,0,0,7,28000507#1,0,0,7,114.21
2400.00,2460.00,e_ccb_to_rp4,0,0,12,102165688#0,0,0,4,1514.13
2400.00,2460.00,e_ccb_to_rp4,0,0,2,102165688#1,0,0,4,203.09
2400.00,2460.00,e_ccb_to_rp4,0,0,5,1136268465,7,7,8,574.26
2400.00,2460.00,e_ccb_to_rp4,0,0,9,190876198,1,1,9,235.74
2400.00,2460.00,e_ccb_to_rp4,0,0,10,28000507#1,0,0,10,108.53
2460.00,2520.00,e_ccb_to_rp4,0,0,9,102165688#0,0,0,11,1326.95
2460.00,2520.00,e_ccb_to_rp4,0,0,8,102165688#1,0,0,7,164.37
2460.00,2520.00,e_ccb_to_rp4,0,0,13,1136268465,9,9,12,589.16
2460.00,2520.00,e_ccb_to_rp4,0,0,13,190876198,0,0,13,294.69
2460.00,2520.00,e_ccb_to_rp4,0,0,12,28000507#1,0,0,13,113.01
2520.00,2580.00,e_ccb_to_rp4,0,0,11,102165688#0,0,0,8,1405.83
2520.00,2580.00,e_ccb_to_rp4,0,0,7,102165688#1,0,0,7,199.27
2520.00,2580.00,e_ccb_to_rp4,0,0,8,1136268465,8,8,9,575.48
2520.00,2580.00,e_ccb_to_rp4,0,0,7,190876198,0,0,6,321.88
2520.00,2580.00,e_ccb_to_rp4,0,0,6,28000507#1,0,0,7,116.59
2580.00,2640.00,e_ccb_to_rp4,0,0,6,102165688#0,0,0,8,1466.23
2580.00,2640.00,e_ccb_to_rp4,0,0,7,102165688#1,0,0,5,178.37
2580.00,2640.00,e_ccb_to_rp4,0,0,10,1136268465,5,5,8,641.32
2580.00,2640.00,e_ccb_to_rp4,0,0,8,190876198,0,0,7,322.94
2580.00,2640.00,e_ccb_to_rp4,0,0,7,28000507#1,0,0,5,115.10
2640.00,2700.00,e_ccb_to_rp4,0,0,7,102165688#0,0,0,16,1408.57
2640.00,2700.00,e_ccb_to_rp4,0,0,8,102165688#1,0,0,9,174.42
2640.00,2700.00,e_ccb_to_rp4,0,0,14,1136268465,3,3,12,617.77
2640.00,2700.00,e_ccb_to_rp4,0,0,12,190876198,1,1,12,290.00
2640.00,2700.00,e_ccb_to_rp4,0,0,12,28000507#1,0,0,12,111.46
2700.00,2760.00,e_ccb_to_rp4,0,0,12,102165688#0,0,0,4,1391.44
2700.00,2760.00,e_ccb_to_rp4,0,0,3,102165688#1,0,0,2,195.21
2700.00,2760.00,e_ccb_to_rp4,0,0,4,1136268465,4,4,6,713.11
2700.00,2760.00,e_ccb_to_rp4,0,0,5,190876198,0,0,6,304.35
2700.00,2760.00,e_ccb_to_rp4,0,0,6,28000507#1,0,0,6,117.42
2760.00,2820.00,e_ccb_to_rp4,0,0,4,102165688#0,0,0,14,1475.65
2760.00,2820.00,e_ccb_to_rp4,0,0,8,102165688#1,0,0,9,158.22
2760.00,2820.00,e_ccb_to_rp4,0,1,12,1136268465,9,9,12,500.77
2760.00,2820.00,e_ccb_to_rp4,0,0,13,190876198,0,0,12,288.37
2760.00,2820.00,e_ccb_to_rp4,0,0,12,28000507#1,0,0,12,109.25
2820.00,2880.00,e_ccb_to_rp4,0,0,15,102165688#0,0,0,4,1365.98
2820.00,2880.00,e_ccb_to_rp4,0,0,4,102165688#1,0,0,3,219.20
2820.00,2880.00,e_ccb_to_rp4,0,0,7,1136268465,4,4,8,647.66
2820.00,2880.00,e_ccb_to_rp4,0,0,8,190876198,1,1,12,294.48
2820.00,2880.00,e_ccb_to_rp4,0,0,13,28000507#1,0,0,14,111.21
2880.00,2940.00,e_ccb_to_rp4,0,0,9,102165688#0,0,0,9,1357.95
2880.00,2940.00,e_ccb_to_rp4,0,0,3,102165688#1,0,0,4,186.95
2880.00,2940.00,e_ccb_to_rp4,0,0,10,1136268465,4,4,8,664.50
2880.00,2940.00,e_ccb_to_rp4,0,0,8,190876198,0,0,4,325.69
2880.00,2940.00,e_ccb_to_rp4,0,0,4,28000507#1,0,0,3,116.21
2940.00,3000.00,e_ccb_to_rp4,0,0,5,102165688#0,0,0,2,1647.68
2940.00,3000.00,e_ccb_to_rp4,0,0,1,102165688#1,0,0,0,231.60
2940.00,3000.00,e_ccb_to_rp4,0,0,2,1136268465,3,3,2,742.36
2940.00,3000.00,e_ccb_to_rp4,0,0,2,190876198,0,0,2,344.54
2940.00,3000.00,e_ccb_to_rp4,0,0,2,28000507#1,0,0,2,121.94
3000.00,3060.00,e_ccb_to_rp4,0,0,0,102165688#0,0,0,4,1651.20
3000.00,3060.00,e_ccb_to_rp4,0,0,4,102165688#1,0,0,4,219.32
3000.00,3060.00,e_ccb_to_rp4,0,0,6,1136268465,3,3,7,665.83
3000.00,3060.00,e_ccb_to_rp4,0,0,9,190876198,0,0,12,312.91
3000.00,3060.00,e_ccb_to_rp4,0,1,14,28000507#1,0,0,17,103.04
3060.00,3120.00,e_ccb_to_rp4,0,0,10,102165688#0,0,0,15,1270.18
3060.00,3120.00,e_ccb_to_rp4,0,0,13,102165688#1,0,0,13,171.13
3060.00,3120.00,e_ccb_to_rp4,0,0,14,1136268465,9,9,14,546.98
3060.00,3120.00,e_ccb_to_rp4,0,0,13,190876198,0,0,10,304.92
3060.00,3120.00,e_ccb_to_rp4,0,0,8,28000507#1,0,0,6,114.52
3120.00,3180.00,e_ccb_to_rp4,0,0,9,102165688#0,0,0,3,1571.72
3120.00,3180.00,e_ccb_to_rp4,0,0,2,102165688#1,0,0,3,234.61
3120.00,3180.00,e_ccb_to_rp4,0,0,5,1136268465,4,4,8,602.08
3120.00,3180.00,e_ccb_to_rp4,0,0,8,190876198,0,0,9,323.70
3120.00,3180.00,e_ccb_to_rp4,0,0,11,28000507#1,0,0,12,113.12
3180.00,3240.00,e_ccb_to_rp4,0,0,7,102165688#0,0,0,12,1427.62
3180.00,3240.00,e_ccb_to_rp4,0,0,10,102165688#1,0,0,12,182.24
3180.00,3240.00,e_ccb_to_rp4,0,0,15,1136268465,10,10,13,504.72
3180.00,3240.00,e_ccb_to_rp4,0,0,11,190876198,0,0,11,282.79
3180.00,3240.00,e_ccb_to_rp4,0,0,9,28000507#1,0,0,8,108.71
3240.00,3300.00,e_ccb_to_rp4,0,0,11,102165688#0,0,0,3,1437.46
3240.00,3300.00,e_ccb_to_rp4,0,0,3,102165688#1,0,0,1,168.57
3240.00,3300.00,e_ccb_to_rp4,0,0,2,1136268465,0,0,1,713.80
3240.00,3300.00,e_ccb_to_rp4,0,0,3,190876198,0,0,5,345.16
3240.00,3300.00,e_ccb_to_rp4,0,0,7,28000507#1,0,0,7,113.60
3300.00,3360.00,e_ccb_to_rp4,0,0,4,102165688#0,0,0,7,1550.69
3300.00,3360.00,e_ccb_to_rp4,0,0,5,102165688#1,0,0,5,198.69
3300.00,3360.00,e_ccb_to_rp4,0,0,8,1136268465,4,4,10,598.34
3300.00,3360.00,e_ccb_to_rp4,0,0,10,190876198,2,2,11,298.72
3300.00,3360.00,e_ccb_to_rp4,0,0,9,28000507#1,0,0,9,111.21
3360.00,3420.00,e_ccb_to_rp4,0,0,9,102165688#0,0,0,17,1296.97
3360.00,3420.00,e_ccb_to_rp4,0,0,13,102165688#1,0,0,13,161.61
3360.00,3420.00,e_ccb_to_rp4,0,0,15,1136268465,11,11,17,529.30
3360.00,3420.00,e_ccb_to_rp4,0,0,20,190876198,0,0,19,256.94
3360.00,3420.00,e_ccb_to_rp4,0,0,19,28000507#1,0,0,19,100.01
3420.00,3480.00,e_ccb_to_rp4,0,0,21,102165688#0,0,0,14,1080.83
3420.00,3480.00,e_ccb_to_rp4,0,0,9,102165688#1,0,0,11,122.61
3420.00,3480.00,e_ccb_to_rp4,0,0,14,1136268465,8,8,15,507.78
3420.00,3480.00,e_ccb_to_rp4,0,0,14,190876198,0,0,14,289.01
3420.00,3480.00,e_ccb_to_rp4,0,0,15,28000507#1,0,0,15,110.09
3480.00,3540.00,e_ccb_to_rp4,0,0,16,102165688#0,0,0,14,1172.07
3480.00,3540.00,e_ccb_to_rp4,0,0,13,102165688#1,0,0,12,136.04
3480.00,3540.00,e_ccb_to_rp4,0,0,11,1136268465,10,10,8,527.48
3480.00,3540.00,e_ccb_to_rp4,0,0,8,190876198,1,1,7,301.97
3480.00,3540.00,e_ccb_to_rp4,0,0,6,28000507#1,0,0,5,118.46
3540.00,3600.00,e_ccb_to_rp4,0,0,5,102165688#0,0,0,9,1507.56
3540.00,3600.00,e_ccb_to_rp4,0,0,7,102165688#1,0,0,8,168.26
3540.00,3600.00,e_ccb_to_rp4,0,0,11,1136268465,7,7,15,531.58
3540.00,3600.00,e_ccb_to_rp4,0,0,15,190876198,3,3,15,217.94
3540.00,3600.00,e_ccb_to_rp4,0,0,15,28000507#1,0,0,16,103.85
3600.00,3660.00,e_ccb_to_rp4,0,0,14,102165688#0,0,0,14,1285.15
3600.00,3660.00,e_ccb_to_rp4,0,0,13,102165688#1,0,0,13,169.03
3600.00,3660.00,e_ccb_to_rp4,0,0,15,1136268465,13,13,16,418.48
3600.00,3660.00,e_ccb_to_rp4,0,0,17,190876198,0,0,19,246.54
3600.00,3660.00,e_ccb_to_rp4,0,0,21,28000507#1,0,0,20,97.36
3660.00,3720.00,e_ccb_to_rp4,0,0,17,102165688#0,0,0,14,1110.28
3660.00,3720.00,e_ccb_to_rp4,0,0,13,102165688#1,0,0,10,164.69
3660.00,3720.00,e_ccb_to_rp4,0,0,10,1136268465,7,7,4,552.98
3660.00,3720.00,e_ccb_to_rp4,0,0,3,190876198,0,0,3,164.83
3660.00,3720.00,e_ccb_to_rp4,0,0,3,28000507#1,0,0,4,111.62
3720.00,3780.00,e_ccb_to_rp4,0,0,3,102165688#0,0,0,9,1607.20
3720.00,3780.00,e_ccb_to_rp4,0,0,6,102165688#1,0,0,8,173.45
3720.00,3780.00,e_ccb_to_rp4,0,0,8,1136268465,5,5,12,431.20
3720.00,3780.00,e_ccb_to_rp4,0,0,12,190876198,1,1,13,148.92
3720.00,3780.00,e_ccb_to_rp4,0,0,14,28000507#1,0,0,15,66.02
3780.00,3840.00,e_ccb_to_rp4,0,0,22,102165688#0,0,0,30,794.27
3780.00,3840.00,e_ccb_to_rp4,0,0,23,102165688#1,0,0,25,73.27
3780.00,3840.00,e_ccb_to_rp4,0,0,25,1136268465,13,13,28,165.50
3780.00,3840.00,e_ccb_to_rp4,0,0,31,190876198,1,1,31,78.51
3780.00,3840.00,e_ccb_to_rp4,0,0,29,28000507#1,0,0,29,53.15
3840.00,3900.00,e_ccb_to_rp4,0,0,29,102165688#0,0,0,29,727.80
3840.00,3900.00,e_ccb_to_rp4,0,0,19,102165688#1,0,0,17,47.33
3840.00,3900.00,e_ccb_to_rp4,0,0,17,1136268465,8,8,12,198.61
3840.00,3900.00,e_ccb_to_rp4,0,0,8,190876198,0,0,4,242.87
3840.00,3900.00,e_ccb_to_rp4,0,0,3,28000507#1,0,0,2,115.83
3900.00,3960.00,e_ccb_to_rp4,0,0,20,102165688#0,0,0,3,1324.98
3900.00,3960.00,e_ccb_to_rp4,0,0,3,102165688#1,0,0,2,172.48
3900.00,3960.00,e_ccb_to_rp4,0,0,2,1136268465,0,0,0,595.81
3900.00,3960.00,e_ccb_to_rp4,0,0,0,190876198,0,0,0,360.00
3900.00,3960.00,e_ccb_to_rp4,0,0,1,28000507#1,0,0,0,120.67
3960.00,4020.00,e_ccb_to_rp4,0,0,0,102165688#0,0,0,3,1728.83
3960.00,4020.00,e_ccb_to_rp4,0,0,2,102165688#1,0,0,4,169.44
3960.00,4020.00,e_ccb_to_rp4,0,0,3,1136268465,3,3,4,584.53
3960.00,4020.00,e_ccb_to_rp4,0,0,3,190876198,0,0,3,335.52
3960.00,4020.00,e_ccb_to_rp4,0,0,2,28000507#1,0,0,2,121.84
4020.00,4080.00,e_ccb_to_rp4,0,0,8,102165688#0,0,0,10,1434.64
4020.00,4080.00,e_ccb_to_rp4,0,0,7,102165688#1,0,0,7,185.48
4020.00,4080.00,e_ccb_to_rp4,0,0,8,1136268465,3,3,7,635.82
4020.00,4080.00,e_ccb_to_rp4,0,0,9,190876198,2,2,8,264.16
4020.00,4080.00,e_ccb_to_rp4,0,0,8,28000507#1,0,0,8,101.68
4080.00,4140.00,e_ccb_to_rp4,0,1,10,102165688#0,0,0,21,1090.21
4080.00,4140.00,e_ccb_to_rp4,0,0,10,102165688#1,0,0,11,85.64
4080.00,4140.00,e_ccb_to_rp4,0,0,11,1136268465,7,7,13,552.57
4080.00,4140.00,e_ccb_to_rp4,0,0,12,190876198,1,1,13,295.64
4080.00,4140.00,e_ccb_to_rp4,0,0,14,28000507#1,0,0,14,104.79
4140.00,4200.00,e_ccb_to_rp4,0,0,0,102165688#0,0,0,14,282.81
4140.00,4200.00,e_ccb_to_rp4,0,0,10,102165688#1,0,0,10,79.91
4140.00,4200.00,e_ccb_to_rp4,0,0,11,1136268465,11,11,14,495.77
4140.00,4200.00,e_ccb_to_rp4,0,0,16,190876198,0,0,19,262.24
4140.00,4200.00,e_ccb_to_rp4,0,0,19,28000507#1,0,0,21,100.50
4200.00,4260.00,e_ccb_to_rp4,0,0,0,102165688#0,0,0,0,0.00
4200.00,4260.00,e_ccb_to_rp4,0,0,0,102165688#1,0,0,0,0.00
4200.00,4260.00,e_ccb_to_rp4,0,0,0,1136268465,0,0,4,16.28
4200.00,4260.00,e_ccb_to_rp4,0,0,6,190876198,0,0,8,24.03
4200.00,4260.00,e_ccb_to_rp4,0,0,11,28000507#1,0,0,11,17.18
4260.00,4320.00,e_ccb_to_rp4,0,0,0,102165688#0,0,0,0,0.00
4260.00,4320.00,e_ccb_to_rp4,0,0,0,102165688#1,0,0,0,0.00
4260.00,4320.00,e_ccb_to_rp4,0,0,0,1136268465,0,0,0,0.00
4260.00,4320.00,e_ccb_to_rp4,0,0,0,190876198,0,0,0,0.00
4260.00,4320.00,e_ccb_to_rp4,0,0,0,28000507#1,0,0,0,0.00
4320.00,4380.00,e_ccb_to_rp4,0,0,0,102165688#0,0,0,0,0.00
4320.00,4380.00,e_ccb_to_rp4,0,0,0,102165688#1,0,0,0,0.00
4320.00,4380.00,e_ccb_to_rp4,0,0,0,1136268465,0,0,0,0.00
4320.00,4380.00,e_ccb_to_rp4,0,0,0,190876198,0,0,0,0.00
4320.00,4380.00,e_ccb_to_rp4,0,0,0,28000507#1,0,0,0,0.00
4380.00,4440.00,e_ccb_to_rp4,0,0,0,102165688#0,0,0,0,0.00
4380.00,4440.00,e_ccb_to_rp4,0,0,0,102165688#1,0,0,0,0.00
4380.00,4440.00,e_ccb_to_rp4,0,0,0,1136268465,0,0,0,0.00
4380.00,4440.00,e_ccb_to_rp4,0,0,0,190876198,0,0,0,0.00
4380.00,4440.00,e_ccb_to_rp4,0,0,0,28000507#1,0,0,0,0.00
4440.00,4500.00,e_ccb_to_rp4,0,0,0,102165688#0,0,0,0,0.00
4440.00,4500.00,e_ccb_to_rp4,0,0,0,102165688#1,0,0,0,0.00
4440.00,4500.00,e_ccb_to_rp4,0,0,0,1136268465,0,0,0,0.00
4440.00,4500.00,e_ccb_to_rp4,0,0,0,190876198,0,0,0,0.00
4440.00,4500.00,e_ccb_to_rp4,0,0,0,28000507#1,0,0,0,0.00
4500.00,4560.00,e_ccb_to_rp4,0,0,0,102165688#0,0,0,0,0.00
4500.00,4560.00,e_ccb_to_rp4,0,0,0,102165688#1,0,0,0,0.00
4500.00,4560.00,e_ccb_to_rp4,0,0,0,1136268465,0,0,0,0.00
4500.00,4560.00,e_ccb_to_rp4,0,0,0,190876198,0,0,0,0.00
4500.00,4560.00,e_ccb_to_rp4,0,0,0,28000507#1,0,0,0,0.00
4560.00,4620.00,e_ccb_to_rp4,0,0,0,102165688#0,0,0,0,0.00
4560.00,4620.00,e_ccb_to_rp4,0,0,0,102165688#1,0,0,0,0.00
4560.00,4620.00,e_ccb_to_rp4,0,0,0,1136268465,0,0,0,0.00
4560.00,4620.00,e_ccb_to_rp4,0,0,0,190876198,0,0,0,0.00
4560.00,4620.00,e_ccb_to_rp4,0,0,0,28000507#1,0,0,0,0.00
4620.00,4680.00,e_ccb_to_rp4,0,0,0,102165688#0,0,0,0,0.00
4620.00,4680.00,e_ccb_to_rp4,0,0,0,102165688#1,0,0,0,0.00
4620.00,4680.00,e_ccb_to_rp4,0,0,0,1136268465,0,0,0,0.00
4620.00,4680.00,e_ccb_to_rp4,0,0,0,190876198,0,0,0,0.00
4620.00,4680.00,e_ccb_to_rp4,0,0,0,28000507#1,0,0,0,0.00
4680.00,4740.00,e_ccb_to_rp4,0,0,0,102165688#0,0,0,0,0.00
4680.00,4740.00,e_ccb_to_rp4,0,0,0,102165688#1,0,0,0,0.00
4680.00,4740.00,e_ccb_to_rp4,0,0,0,1136268465,0,0,0,0.00
4680.00,4740.00,e_ccb_to_rp4,0,0,0,190876198,0,0,0,0.00
4680.00,4740.00,e_ccb_to_rp4,0,0,0,28000507#1,0,0,0,0.00
4740.00,4800.00,e_ccb_to_rp4,0,0,0,102165688#0,0,0,0,0.00
4740.00,4800.00,e_ccb_to_rp4,0,0,0,102165688#1,0,0,0,0.00
4740.00,4800.00,e_ccb_to_rp4,0,0,0,1136268465,0,0,0,0.00
4740.00,4800.00,e_ccb_to_rp4,0,0,0,190876198,0,0,0,0.00
4740.00,4800.00,e_ccb_to_rp4,0,0,0,28000507#1,0,0,0,0.00
4800.00,4860.00,e_ccb_to_rp4,0,0,0,102165688#0,0,0,0,0.00
4800.00,4860.00,e_ccb_to_rp4,0,0,0,102165688#1,0,0,0,0.00
4800.00,4860.00,e_ccb_to_rp4,0,0,0,1136268465,0,0,0,0.00
4800.00,4860.00,e_ccb_to_rp4,0,0,0,190876198,0,0,0,0.00
4800.00,4860.00,e_ccb_to_rp4,0,0,0,28000507#1,0,0,0,0.00
4860.00,4920.00,e_ccb_to_rp4,0,0,0,102165688#0,0,0,0,0.00
4860.00,4920.00,e_ccb_to_rp4,0,0,0,102165688#1,0,0,0,0.00
4860.00,4920.00,e_ccb_to_rp4,0,0,0,1136268465,0,0,0,0.00
4860.00,4920.00,e_ccb_to_rp4,0,0,0,190876198,0,0,0,0.00
4860.00,4920.00,e_ccb_to_rp4,0,0,0,28000507#1,0,0,0,0.00
4920.00,4980.00,e_ccb_to_rp4,0,0,0,102165688#0,0,0,0,0.00
4920.00,4980.00,e_ccb_to_rp4,0,0,0,102165688#1,0,0,0,0.00
4920.00,4980.00,e_ccb_to_rp4,0,0,0,1136268465,0,0,0,0.00
4920.00,4980.00,e_ccb_to_rp4,0,0,0,190876198,0,0,0,0.00
4920.00,4980.00,e_ccb_to_rp4,0,0,0,28000507#1,0,0,0,0.00
4980.00,5040.00,e_ccb_to_rp4,0,0,0,102165688#0,0,0,0,0.00
4980.00,5040.00,e_ccb_to_rp4,0,0,0,102165688#1,0,0,0,0.00
4980.00,5040.00,e_ccb_to_rp4,0,0,0,1136268465,0,0,0,0.00
4980.00,5040.00,e_ccb_to_rp4,0,0,0,190876198,0,0,0,0.00
4980.00,5040.00,e_ccb_to_rp4,0,0,0,28000507#1,0,0,0,0.00
5040.00,5100.00,e_ccb_to_rp4,0,0,0,102165688#0,0,0,0,0.00
5040.00,5100.00,e_ccb_to_rp4,0,0,0,102165688#1,0,0,0,0.00
5040.00,5100.00,e_ccb_to_rp4,0,0,0,1136268465,0,0,0,0.00
5040.00,5100.00,e_ccb_to_rp4,0,0,0,190876198,0,0,0,0.00
5040.00,5100.00,e_ccb_to_rp4,0,0,0,28000507#1,0,0,0,0.00
5100.00,5160.00,e_ccb_to_rp4,0,0,0,102165688#0,0,0,0,0.00
5100.00,5160.00,e_ccb_to_rp4,0,0,0,102165688#1,0,0,0,0.00
5100.00,5160.00,e_ccb_to_rp4,0,0,0,1136268465,0,0,0,0.00
5100.00,5160.00,e_ccb_to_rp4,0,0,0,190876198,0,0,0,0.00
5100.00,5160.00,e_ccb_to_rp4,0,0,0,28000507#1,0,0,0,0.00
5160.00,5220.00,e_ccb_to_rp4,0,0,0,102165688#0,0,0,0,0.00
5160.00,5220.00,e_ccb_to_rp4,0,0,0,102165688#1,0,0,0,0.00
5160.00,5220.00,e_ccb_to_rp4,0,0,0,1136268465,0,0,0,0.00
5160.00,5220.00,e_ccb_to_rp4,0,0,0,190876198,0,0,0,0.00
5160.00,5220.00,e_ccb_to_rp4,0,0,0,28000507#1,0,0,0,0.00
5220.00,5280.00,e_ccb_to_rp4,0,0,0,102165688#0,0,0,0,0.00
5220.00,5280.00,e_ccb_to_rp4,0,0,0,102165688#1,0,0,0,0.00
5220.00,5280.00,e_ccb_to_rp4,0,0,0,1136268465,0,0,0,0.00
5220.00,5280.00,e_ccb_to_rp4,0,0,0,190876198,0,0,0,0.00
5220.00,5280.00,e_ccb_to_rp4,0,0,0,28000507#1,0,0,0,0.00
5280.00,5340.00,e_ccb_to_rp4,0,0,0,102165688#0,0,0,0,0.00
5280.00,5340.00,e_ccb_to_rp4,0,0,0,102165688#1,0,0,0,0.00
5280.00,5340.00,e_ccb_to_rp4,0,0,0,1136268465,0,0,0,0.00
5280.00,5340.00,e_ccb_to_rp4,0,0,0,190876198,0,0,0,0.00
5280.00,5340.00,e_ccb_to_rp4,0,0,0,28000507#1,0,0,0,0.00
5340.00,5400.00,e_ccb_to_rp4,0,0,0,102165688#0,0,0,0,0.00
5340.00,5400.00,e_ccb_to_rp4,0,0,0,102165688#1,0,0,0,0.00
5340.00,5400.00,e_ccb_to_rp4,0,0,0,1136268465,0,0,0,0.00
5340.00,5400.00,e_ccb_to_rp4,0,0,0,190876198,0,0,0,0.00
5340.00,5400.00,e_ccb_to_rp4,0,0,0,28000507#1,0,0,0,0.00
5400.00,5433.00,e_ccb_to_rp4,0,0,0,102165688#0,0,0,0,0.00
5400.00,5433.00,e_ccb_to_rp4,0,0,0,102165688#1,0,0,0,0.00
5400.00,5433.00,e_ccb_to_rp4,0,0,0,1136268465,0,0,0,0.00
5400.00,5433.00,e_ccb_to_rp4,0,0,0,190876198,0,0,0,0.00
5400.00,5433.00,e_ccb_to_rp4,0,0,0,28000507#1,0,0,0,0.00
